deck_id,card_1,card_2,card_3,card_4,card_5,card_6,card_7,card_8,cluster_id
0,Bomber,Fireball,Giant,Lumberjack,Mega Minion,Mini P.E.K.K.A,Rage,Zap,0
1,Bowler,Giant,Giant Snowball,Mini P.E.K.K.A,Minions,Musketeer,Sparky,Vines,0
2,Arrows,Balloon,Bats,Freeze,Giant,Minion Horde,Minions,Skeleton Army,1
3,Barbarian Barrel,Cannon,Earthquake,Firecracker,Hog Rider,Ice Spirit,Mighty Miner,Skeletons,2
4,Baby Dragon,Barbarian Barrel,Dark Prince,Electro Giant,Goblin Cage,Ice Wizard,Lightning,Tornado,3
5,Arrows,Bomber,Fisherman,Goblin Giant,Goblinstein,Guards,P.E.K.K.A,Rage,4
6,Dark Prince,Elixir Collector,Giant,Heal Spirit,Mini P.E.K.K.A,Rage,Witch,Zap,0
7,Berserker,Cannon,Dart Goblin,Fire Spirit,Goblin Barrel,Ice Spirit,Valkyrie,Wall Breakers,5
8,Arrows,Bomber,Fisherman,Goblin Giant,Lightning,P.E.K.K.A,Rage,Skeletons,4
9,Cannon,Fireball,Hog Rider,Ice Golem,Ice Spirit,Musketeer,Skeletons,The Log,2
10,Arrows,Bomber,Fisherman,Giant,Goblinstein,Lightning,P.E.K.K.A,Skeletons,4
11,Barbarian Barrel,Battle Ram,Boss Bandit,Electro Wizard,Magic Archer,Mini P.E.K.K.A,Skeletons,Zap,6
12,Arrows,Bomber,Fisherman,Giant,Goblinstein,Guards,P.E.K.K.A,Rage,4
13,Balloon,Barbarian Barrel,Bomb Tower,Giant Snowball,Knight,Miner,Musketeer,Skeletons,7
14,Elixir Collector,Giant,Heal Spirit,Lumberjack,Mini P.E.K.K.A,Minions,Three Musketeers,Zap,0
15,Archers,Electro Spirit,Knight,Rocket,Skeletons,Tesla,The Log,X-Bow,2
16,Dart Goblin,Electro Spirit,Goblin Gang,Mini P.E.K.K.A,Princess,Skeleton Barrel,Suspicious Bush,Wall Breakers,5
17,Barbarian Barrel,Goblin Hut,Miner,Minions,Poison,Royal Ghost,Skeletons,Wall Breakers,8
18,Giant,Knight,Mini P.E.K.K.A,Minions,Rage,Sparky,Witch,Zap,0
19,Giant,Heal Spirit,Mini P.E.K.K.A,Sparky,Tornado,Vines,Wizard,Zap,0
20,Giant,Mini P.E.K.K.A,Minions,Rage,Sparky,Tornado,Vines,Wizard,0
21,Arrows,Fireball,Goblin Gang,Mighty Miner,Minions,Royal Recruits,Skeleton Barrel,Wall Breakers,9
22,Elixir Collector,Golden Knight,Heal Spirit,Ice Golem,Mini P.E.K.K.A,Royal Ghost,Three Musketeers,Zap,6
23,Bomber,Fire Spirit,Giant Snowball,Goblin Drill,Guards,Knight,Poison,Tesla,2
24,Archers,Electro Spirit,Fireball,Knight,Skeletons,Tesla,The Log,X-Bow,2
25,Arrows,Bats,Giant,Mini P.E.K.K.A,Minion Horde,Skeleton Army,Sparky,Zap,0
26,Arrows,Bowler,Giant,Giant Snowball,Graveyard,Mini P.E.K.K.A,Minions,Witch,0
27,Graveyard,Knight,Mortar,Musketeer,Phoenix,Poison,Royal Delivery,Skeletons,10
28,Baby Dragon,Barbarian Barrel,Elixir Collector,Golem,Knight,Mini P.E.K.K.A,Vines,Witch,11
29,Barbarian Barrel,Electro Spirit,Fireball,Fisherman,Hunter,Knight,Royal Ghost,Royal Giant,12
30,Battle Ram,Boss Bandit,Electro Wizard,Giant Skeleton,Goblin Curse,Magic Archer,Royal Ghost,Zap,6
31,Bomber,Executioner,Golem,Lightning,Minions,Night Witch,Skeleton Army,The Log,13
32,Cannon,Knight,Miner,Musketeer,Poison,Skeletons,The Log,Wall Breakers,2
33,Bomber,Dark Prince,Fireball,Giant,Mega Minion,Prince,Rage,Zap,0
34,Executioner,Goblins,Hog Rider,Ice Spirit,Rocket,The Log,Tornado,Valkyrie,14
35,Goblin Gang,Inferno Tower,Miner,Minion Horde,Princess,Skeleton Army,The Log,Wall Breakers,15
36,Balloon,Barbarian Barrel,Bomb Tower,Giant Snowball,Ice Golem,Miner,Musketeer,Skeletons,7
37,Battle Healer,Electro Dragon,Elixir Collector,Elixir Golem,Heal Spirit,Mirror,Skeletons,Tornado,16
38,Barbarian Barrel,Battle Healer,Electro Dragon,Elixir Collector,Golem,Lumberjack,Skeleton Dragons,Tornado,16
39,Electro Spirit,Fireball,Fisherman,Hunter,Monk,Royal Giant,Skeletons,The Log,12
40,Arrows,Giant,Mini P.E.K.K.A,Minion Horde,Minions,Skeleton Army,Sparky,Zap,0
41,Dart Goblin,Fireball,Goblin Drill,Inferno Tower,Skeleton Army,Skeleton King,The Log,Wall Breakers,5
42,Barbarian Barrel,Electro Spirit,Fire Spirit,Musketeer,Royal Ghost,Skeleton Barrel,Skeletons,Suspicious Bush,17
43,Barbarian Barrel,Heal Spirit,Hunter,Ice Golem,Royal Ghost,Royal Hogs,Three Musketeers,Vines,6
44,Barbarian Barrel,Bomb Tower,Dart Goblin,Rascals,Royal Ghost,Skeleton Barrel,Vines,Wall Breakers,18
45,Bats,Giant,Mini P.E.K.K.A,Mother Witch,Skeleton Army,Sparky,Tornado,Zap,0
46,Balloon,Cannon,Electro Spirit,Giant Skeleton,Giant Snowball,Miner,Musketeer,Skeletons,7
47,Berserker,Cannon,Dart Goblin,Fire Spirit,Giant Snowball,Suspicious Bush,Vines,Wall Breakers,19
48,Balloon,Barbarian Barrel,Electro Spirit,Giant Snowball,Miner,Mini P.E.K.K.A,Musketeer,Skeletons,7
49,Arrows,Giant,Giant Snowball,Graveyard,Mini P.E.K.K.A,Musketeer,Sparky,Witch,0
50,Goblin Barrel,Goblin Gang,Ice Spirit,Inferno Tower,Knight,Princess,Rocket,The Log,5
51,Balloon,Barbarian Barrel,Bomb Tower,Giant Snowball,Miner,Monk,Musketeer,Skeletons,7
52,Baby Dragon,Barbarian Barrel,Furnace,Golem,Guards,Mini P.E.K.K.A,Minions,Vines,20
53,Arrows,Elixir Golem,Freeze,Golem,Inferno Dragon,Night Witch,Skeleton Army,Skeleton King,21
54,Berserker,Cannon,Fire Spirit,Giant Snowball,Goblin Drill,Musketeer,Poison,Skeletons,2
55,Cannon,Fire Spirit,Giant Snowball,Goblin Demolisher,Goblin Drill,Knight,The Log,Wall Breakers,2
56,Bomb Tower,Goblin Demolisher,Goblin Drill,Knight,Magic Archer,Skeletons,The Log,Tornado,2
57,Arrows,Bomber,Dark Prince,Giant,Lightning,Mega Minion,Prince,Zap,0
58,Arrows,Elixir Golem,Golem,Mini P.E.K.K.A,Skeleton King,Three Musketeers,Valkyrie,Witch,22
59,Barbarian Barrel,Furnace,Goblin Hut,Graveyard,Guards,Poison,Valkyrie,Vines,23
60,Dark Prince,Fireball,Giant,Mini P.E.K.K.A,Minions,Musketeer,Witch,Zap,0
61,Barbarian Barrel,Cannon Cart,Goblinstein,Ice Wizard,Lightning,Minions,Mortar,Royal Ghost,24
62,Dart Goblin,Fire Spirit,Ice Spirit,Skeleton Army,Skeleton Barrel,Skeleton King,Suspicious Bush,Vines,5
63,Battle Ram,Boss Bandit,Fisherman,Golden Knight,Mother Witch,Rage,Royal Ghost,Zappies,6
64,Goblin Curse,Golem,Inferno Dragon,Miner,Night Witch,Skeleton Army,Skeleton King,Zap,21
65,Dark Prince,Elixir Collector,Giant,Mini P.E.K.K.A,Rage,Vines,Witch,Zap,0
66,Battle Healer,Freeze,Heal Spirit,Inferno Dragon,Mini P.E.K.K.A,Monk,Rage,Valkyrie,25
67,Giant Snowball,Golden Knight,P.E.K.K.A,Ram Rider,Royal Ghost,Skeletons,Void,Wizard,26
68,Arrows,Barbarians,Battle Ram,Electro Wizard,Golden Knight,Mother Witch,P.E.K.K.A,Royal Ghost,6
69,Arrows,Cannon Cart,Giant Snowball,Graveyard,Guards,Knight,Mortar,Musketeer,2
70,Barbarian Barrel,Electro Spirit,Fisherman,Hunter,Knight,Lightning,Royal Ghost,Royal Giant,12
71,Barbarian Barrel,Boss Bandit,Executioner,Giant Snowball,Goblin Demolisher,Guards,Ram Rider,Vines,27
72,Giant,Knight,Mini P.E.K.K.A,Sparky,Tornado,Vines,Wizard,Zap,0
73,Cannon,Earthquake,Electro Spirit,Hog Rider,Mighty Miner,Musketeer,Skeletons,The Log,2
74,Cannon,Dart Goblin,Fire Spirit,Royal Ghost,Skeletons,Suspicious Bush,The Log,Wall Breakers,5
75,Giant Snowball,Ice Wizard,Knight,Rocket,Skeletons,Tesla,The Log,X-Bow,2
76,Barbarian Barrel,Cannon,Goblinstein,Graveyard,Guards,Ice Wizard,Knight,Poison,28
77,Elixir Collector,Heal Spirit,Ice Golem,Mini P.E.K.K.A,Royal Ghost,Skeletons,Three Musketeers,Zap,6
78,Baby Dragon,Balloon,Barbarian Barrel,Bowler,Freeze,Inferno Dragon,Knight,Tornado,29
79,Barbarian Barrel,Elixir Collector,Heal Spirit,Hunter,Ice Golem,Royal Ghost,Royal Hogs,Three Musketeers,6
80,Elite Barbarians,Elixir Collector,Golden Knight,Heal Spirit,Ice Golem,Royal Ghost,Three Musketeers,Zap,6
81,Barbarian Barrel,Fireball,Knight,Minions,Mortar,Musketeer,Skeleton Barrel,Skeletons,2
82,Arrows,Balloon,Bats,Freeze,Giant,Goblin Gang,Minions,Skeleton Army,1
83,Dart Goblin,Fire Spirit,Ice Spirit,Mini P.E.K.K.A,Skeleton Army,Skeleton Barrel,The Log,Wall Breakers,5
84,Arrows,Barbarian Barrel,Fireball,Flying Machine,Goblin Cage,Royal Hogs,Royal Recruits,Zappies,30
85,Baby Dragon,Battle Healer,Electro Dragon,Elixir Collector,Golem,Knight,Mini P.E.K.K.A,Tornado,16
86,Bomber,Fireball,Giant,Lumberjack,Mega Minion,Prince,Rage,Zap,0
87,Giant Snowball,Goblin Demolisher,Goblin Drill,Goblin Hut,Ice Wizard,Knight,Poison,Skeletons,2
88,Barbarian Barrel,Dart Goblin,Ice Spirit,Rascals,Royal Ghost,Skeleton Barrel,Suspicious Bush,Vines,18
89,Arrows,Battle Healer,Electro Dragon,Elixir Golem,Freeze,Inferno Dragon,Lumberjack,Tornado,31
90,Arrows,Bowler,Giant,Giant Snowball,Graveyard,Guards,Musketeer,Witch,0
91,Boss Bandit,Cannon Cart,Golden Knight,Heal Spirit,Mother Witch,Royal Ghost,Zap,Zappies,6
92,Dark Prince,Giant,Lightning,Mini P.E.K.K.A,Minions,Rage,Witch,Zap,0
93,Electro Spirit,Firecracker,Hog Rider,Ice Golem,Mini P.E.K.K.A,Rocket,Skeletons,The Log,2
94,Arrows,Bats,Goblin Gang,Golem,Lightning,Night Witch,Skeleton King,Skeletons,32
95,Ice Wizard,Knight,Rocket,Skeletons,Tesla,The Log,Tornado,X-Bow,2
96,Cannon,Electro Spirit,Hog Rider,Lightning,Mighty Miner,Musketeer,Skeletons,The Log,2
97,Baby Dragon,Bowler,Electro Giant,Goblin Cage,Golden Knight,Lightning,Skeletons,Tornado,3
98,Electro Spirit,Knight,Miner,Rocket,Royal Delivery,Skeletons,Tesla,The Log,2
99,Arrows,Dart Goblin,Goblin Gang,Guards,Mighty Miner,Royal Recruits,Skeleton Barrel,Wall Breakers,9
100,Balloon,Bowler,Electro Dragon,Freeze,Inferno Dragon,Lumberjack,Tornado,Vines,29
101,Cannon,Dart Goblin,Goblin Barrel,Ice Spirit,Knight,Princess,Skeletons,The Log,5
102,Balloon,Battle Healer,Bowler,Goblin Curse,Goblin Hut,Mighty Miner,Skeleton Army,Wall Breakers,33
103,Archers,Bandit,Lava Hound,Little Prince,Mirror,Royal Hogs,Skeleton Barrel,Tesla,34
104,Arrows,Balloon,Cannon,Giant Snowball,Knight,Miner,Musketeer,Skeletons,7
105,Dart Goblin,Fire Spirit,Goblin Gang,Ice Spirit,Royal Ghost,Skeleton Army,Skeleton King,Suspicious Bush,5
106,Arrows,Cannon,Giant Snowball,Knight,Miner,Musketeer,Skeleton Barrel,Skeletons,7
107,Barbarian Barrel,Earthquake,Firecracker,Hog Rider,Ice Spirit,Knight,Skeletons,Tesla,2
108,Inferno Tower,Knight,Miner,Minion Horde,Princess,Skeleton Army,The Log,Wall Breakers,15
109,Giant Snowball,Goblin Demolisher,Goblin Drill,Knight,Poison,Royal Delivery,Skeletons,Tesla,2
110,Arrows,Giant,Guards,Lightning,Lumberjack,Mini P.E.K.K.A,Spirit Empress,Zap,35
111,Arrows,Bowler,Giant,Graveyard,Mini P.E.K.K.A,Minions,Witch,Zap,0
112,Arrows,Bandit,Battle Ram,Cannon Cart,Electro Spirit,Mini P.E.K.K.A,Mother Witch,Royal Ghost,6
113,Dart Goblin,Goblin Barrel,Goblin Curse,Goblin Gang,Prince,Rage,Skeletons,Suspicious Bush,36
114,Giant,Mini P.E.K.K.A,Minion Horde,Skeleton Army,Sparky,Tornado,Wizard,Zap,0
115,Barbarian Barrel,Dart Goblin,Goblin Hut,Lightning,Royal Ghost,Skeleton Barrel,Skeleton King,Suspicious Bush,37
116,Giant,Heal Spirit,Mega Minion,Mini P.E.K.K.A,Sparky,Tornado,Wizard,Zap,0
117,Barbarian Barrel,Battle Ram,Boss Bandit,Electro Wizard,Heal Spirit,Magic Archer,Mini P.E.K.K.A,Zap,6
118,Electro Spirit,Elixir Collector,Fire Spirit,Knight,Musketeer,Skeletons,The Log,X-Bow,2
119,Boss Bandit,Cannon Cart,Golden Knight,Heal Spirit,Lumberjack,Mother Witch,Zap,Zappies,6
120,Barbarian Barrel,Electro Spirit,Goblin Hut,Ice Wizard,Lightning,Royal Ghost,Royal Hogs,Skeletons,38
121,Arrows,Baby Dragon,Battle Ram,Dark Prince,Golden Knight,Mother Witch,P.E.K.K.A,Vines,39
122,Baby Dragon,Barbarian Barrel,Golem,Mini P.E.K.K.A,Minions,Valkyrie,Vines,Zappies,20
123,Goblin Curse,Inferno Dragon,Knight,Lava Hound,Miner,Skeleton Dragons,Tombstone,Zap,40
124,Baby Dragon,Balloon,Fireball,Lava Hound,Mega Minion,Tombstone,Valkyrie,Vines,40
125,Arrows,Barbarian Barrel,Electro Spirit,Flying Machine,Goblin Cage,Royal Hogs,Royal Recruits,Zappies,30
126,Arrows,Goblin Cage,Heal Spirit,Lava Hound,Lightning,Minions,Spirit Empress,Valkyrie,41
127,Barbarian Barrel,Electro Spirit,Fireball,Fisherman,Hunter,Royal Ghost,Royal Giant,Skeletons,12
128,Cannon,Fire Spirit,Giant Snowball,Goblin Drill,Mighty Miner,Musketeer,Poison,Skeletons,2
129,Battle Healer,Cannon,Electro Dragon,Elixir Golem,Knight,Mini P.E.K.K.A,Mother Witch,Tornado,42
130,Bats,Bowler,Giant,Mini P.E.K.K.A,Musketeer,Sparky,Vines,Zap,0
131,Balloon,Inferno Dragon,Knight,Lava Hound,Skeleton Dragons,Tombstone,Void,Zap,40
132,Archer Queen,Cannon,Earthquake,Ice Spirit,Royal Delivery,Royal Hogs,Skeletons,The Log,2
133,Bandit,Elixir Collector,Heal Spirit,Ice Golem,Mini P.E.K.K.A,Royal Ghost,Three Musketeers,Zap,6
134,Arrows,Barbarian Barrel,Firecracker,Mega Knight,Miner,Minions,Royal Ghost,Wall Breakers,43
135,Arrows,Inferno Dragon,Knight,Lava Hound,Skeleton Dragons,Tombstone,Void,Zap,40
136,Dart Goblin,Fire Spirit,Ice Spirit,Mini P.E.K.K.A,Skeleton Army,Suspicious Bush,Vines,Wall Breakers,5
137,Barbarian Barrel,Executioner,Giant,Guards,Knight,Mini P.E.K.K.A,Musketeer,Poison,44
138,Goblin Giant,Knight,Mini P.E.K.K.A,Minions,Rage,Skeletons,Sparky,Zap,0
139,Arrows,Balloon,Goblin Gang,Lumberjack,Mini P.E.K.K.A,Musketeer,Valkyrie,Vines,45
140,Barbarian Barrel,Fireball,Guards,Knight,Minions,Mortar,Musketeer,Skeleton Barrel,2
141,Bandit,Elite Barbarians,Elixir Collector,Heal Spirit,Ice Golem,Royal Ghost,Three Musketeers,Zap,6
142,Arrows,Battle Ram,Fireball,Fisherman,Mini P.E.K.K.A,Mother Witch,Royal Recruits,Zappies,46
143,Barbarian Barrel,Fireball,Heal Spirit,Ice Wizard,Mini P.E.K.K.A,Royal Ghost,Royal Hogs,Three Musketeers,6
144,Battle Ram,Elixir Collector,Golden Knight,Knight,Mirror,Royal Ghost,Three Musketeers,Zap,47
145,Arrows,Battle Healer,Electro Dragon,Elixir Golem,Inferno Dragon,Mini P.E.K.K.A,Rage,Tornado,31
146,Fire Spirit,Giant Snowball,Goblin Demolisher,Goblin Drill,Knight,Poison,Skeletons,Tesla,2
147,Baby Dragon,Fireball,Lava Hound,Skeleton Army,Spirit Empress,Tombstone,Valkyrie,Vines,40
148,Arrows,Balloon,Inferno Dragon,Lava Hound,Minion Horde,Minions,Valkyrie,Vines,40
149,Barbarian Barrel,Dart Goblin,Fireball,Knight,Minions,Mortar,Skeleton Barrel,Skeletons,2
150,Dark Prince,Electro Wizard,Goblin Giant,Mega Minion,Mini P.E.K.K.A,Rage,Sparky,Zap,0
151,Ice Golem,Ice Spirit,Mini P.E.K.K.A,Musketeer,Rocket,Skeletons,The Log,X-Bow,2
152,Arrows,Bats,Bomber,Goblinstein,Golem,Guards,Lightning,Night Witch,48
153,Balloon,Cannon,Executioner,Guards,Miner,Tornado,Valkyrie,Vines,49
154,Barbarian Barrel,Boss Bandit,Executioner,Giant Snowball,Guards,Mini P.E.K.K.A,Ram Rider,Vines,27
155,Barbarian Barrel,Cannon Cart,Fireball,Minions,Mortar,Rascals,Skeleton Barrel,Skeletons,2
156,Baby Dragon,Barbarian Barrel,Battle Healer,Electro Dragon,Elixir Collector,Golem,Mini P.E.K.K.A,Tornado,16
157,Barbarian Barrel,Boss Bandit,Executioner,Furnace,Giant Snowball,Guards,Ram Rider,Vines,27
158,Barbarian Barrel,Bomber,Boss Bandit,Executioner,Giant Snowball,Mini P.E.K.K.A,Ram Rider,Vines,27
159,Cannon,Executioner,Giant,Guards,Knight,Mini P.E.K.K.A,Musketeer,Poison,44
160,Battle Ram,Bowler,Electro Dragon,Guards,Ice Wizard,Monk,Tornado,Vines,50
161,Baby Dragon,Dark Prince,Golem,Ice Wizard,Mini P.E.K.K.A,Rocket,Tornado,Valkyrie,51
162,Elixir Golem,Executioner,Goblin Curse,Night Witch,Rage,Skeleton Army,Skeleton King,Void,21
163,Battle Ram,Freeze,Inferno Dragon,Knight,Little Prince,Mega Knight,Prince,Zap,52
164,Cannon,Fire Spirit,Giant Snowball,Goblin Demolisher,Goblin Drill,Guards,Knight,Rocket,2
165,Dart Goblin,Electro Spirit,Fire Spirit,Mini P.E.K.K.A,Skeleton Army,Skeleton Barrel,Vines,Wall Breakers,5
166,Earthquake,Electro Spirit,Firecracker,Hog Rider,Ice Golem,Mini P.E.K.K.A,Skeletons,The Log,2
167,Elixir Golem,Executioner,Goblin Machine,Night Witch,Rage,Skeleton Army,Skeleton King,Vines,21
168,Fireball,Giant,Magic Archer,Miner,Mini P.E.K.K.A,Skeletons,The Log,Zap,53
169,Arrows,Elixir Golem,Golem,Inferno Dragon,Night Witch,Rage,Skeleton Army,Skeleton King,21
170,Bomber,Bowler,Fire Spirit,Goblin Drill,Inferno Tower,Knight,Royal Delivery,Tornado,54
171,Earthquake,Hog Rider,Ice Spirit,Mighty Miner,Musketeer,Skeletons,Tesla,The Log,2
172,Elixir Golem,Goblin Curse,Night Witch,Rage,Skeleton Army,Skeleton King,Void,Wizard,21
173,Bomber,Elite Barbarians,Freeze,Hog Rider,Ice Golem,Minions,Tesla,Zap,55
174,Giant,Miner,Mini P.E.K.K.A,Minions,Skeletons,The Log,Wizard,Zap,53
175,Archer Queen,Cannon,Earthquake,Fire Spirit,Royal Delivery,Royal Hogs,Skeletons,The Log,2
176,Baby Dragon,Dark Prince,Golem,Ice Wizard,Mini P.E.K.K.A,Tornado,Valkyrie,Vines,51
177,Ice Spirit,Knight,Miner,Mortar,Musketeer,Rocket,Skeletons,The Log,2
178,Electro Spirit,Knight,Little Prince,Miner,Rocket,Skeletons,Tesla,The Log,2
179,Arrows,Bats,Giant,Mini P.E.K.K.A,Minion Horde,Musketeer,Sparky,Zap,0
180,Dark Prince,Elixir Collector,Giant,Mini P.E.K.K.A,Minions,Vines,Witch,Zap,0
181,Arrows,Giant,Lumberjack,Miner,Mini P.E.K.K.A,Minions,Musketeer,Zap,0
182,Dart Goblin,Ice Spirit,Mighty Miner,Rocket,Skeleton Army,Skeleton Barrel,Skeleton King,Wall Breakers,5
183,Ice Spirit,Knight,Minions,Mortar,Musketeer,Poison,Skeleton Barrel,The Log,2
184,Arrows,Bats,Golem,Lightning,Night Witch,Skeleton Army,Skeleton King,Zappies,32
185,Cannon,Ice Spirit,Knight,Miner,Musketeer,Poison,Skeletons,The Log,2
186,Arrows,Elixir Golem,Giant Skeleton,Goblin Demolisher,Lightning,Valkyrie,Witch,Zappies,56
187,Berserker,Bomber,Cannon,Fire Spirit,Giant Snowball,Goblin Drill,Rocket,Skeletons,2
188,Bats,Battle Ram,Elixir Collector,Giant,Goblin Gang,Minion Horde,Three Musketeers,Zap,57
189,Elite Barbarians,Elixir Collector,Heal Spirit,Lumberjack,Monk,Rage,Royal Ghost,Three Musketeers,58
190,Arrows,Bats,Giant,Mini P.E.K.K.A,Musketeer,Skeleton Army,Sparky,Zap,0
191,Arrows,Balloon,Goblin Gang,Lava Hound,Miner,Minion Horde,Minions,Skeleton Army,59
192,Arrows,Cannon Cart,Goblin Gang,Knight,Minions,Mortar,Rascals,Skeleton Barrel,2
193,Baby Dragon,Balloon,Barbarian Barrel,Bowler,Freeze,Inferno Dragon,Lumberjack,Tornado,29
194,Barbarian Barrel,Cannon,Miner,Minions,Poison,Royal Ghost,Skeletons,Wall Breakers,8
195,Baby Dragon,Bomber,Golem,Mini P.E.K.K.A,Night Witch,Skeleton Army,Tornado,Vines,60
196,Battle Ram,Boss Bandit,Executioner,Golden Knight,Heal Spirit,Minions,Royal Ghost,Zap,6
197,Arrows,Battle Ram,Giant Snowball,Golden Knight,Guards,Mortar,Musketeer,Spear Goblins,61
198,Cannon,Earthquake,Hog Rider,Ice Golem,Ice Spirit,Musketeer,Skeletons,The Log,2
199,Arrows,Golden Knight,Miner,Minions,Mortar,Musketeer,Skeleton Barrel,Spear Goblins,2
200,Barbarian Barrel,Goblin Cage,Goblinstein,Graveyard,Guards,Ice Wizard,Poison,Valkyrie,28
201,Arrows,Guards,Miner,Minions,Mortar,Musketeer,Rascals,Skeleton Barrel,2
202,Berserker,Electro Spirit,Fire Spirit,Rocket,Skeletons,Tesla,The Log,X-Bow,2
203,Barbarian Barrel,Cannon Cart,Goblinstein,Guards,Ice Wizard,Lightning,Mortar,Royal Ghost,24
204,Archer Queen,Cannon,Ice Spirit,Miner,Rocket,Royal Delivery,Skeletons,The Log,2
205,Balloon,Barbarian Barrel,Bowler,Electro Dragon,Freeze,Inferno Dragon,Lumberjack,Tornado,29
206,Arrows,Guards,Ice Spirit,Miner,Mortar,Musketeer,Rascals,Skeleton Barrel,2
207,Dart Goblin,Giant Snowball,Ice Spirit,Rocket,Skeleton Barrel,Skeleton King,Skeletons,Suspicious Bush,62
208,Fire Spirit,Mortar,Musketeer,Rascals,Rocket,Skeleton Barrel,Skeletons,Vines,63
209,Arrows,Fire Spirit,Giant Snowball,Mini P.E.K.K.A,Mortar,Musketeer,Rascals,Skeleton Barrel,64
210,Arrows,Cannon Cart,Dart Goblin,Goblin Barrel,Goblin Gang,Mighty Miner,Rascals,Royal Recruits,65
211,Cannon,Goblin Demolisher,Goblin Drill,Knight,Magic Archer,Rocket,Skeletons,The Log,2
212,Cannon,Goblin Demolisher,Knight,Magic Archer,Miner,Rocket,Skeletons,The Log,2
213,Goblin Demolisher,Goblin Drill,Goblin Hut,Knight,Magic Archer,Skeletons,The Log,Tornado,2
214,Arrows,Bats,Elixir Collector,Giant,Minion Horde,Skeleton Army,Skeleton King,Three Musketeers,66
215,Archer Queen,Cannon,Ice Spirit,Poison,Royal Delivery,Royal Hogs,Skeletons,The Log,2
216,Arrows,Dark Prince,Elixir Collector,Giant,Mini P.E.K.K.A,Rage,Witch,Zap,0
217,Barbarian Barrel,Battle Ram,Elixir Collector,Heal Spirit,Hunter,Ice Golem,Royal Ghost,Three Musketeers,6
218,Dart Goblin,Fire Spirit,Ice Spirit,Mini P.E.K.K.A,Skeleton Army,Suspicious Bush,The Log,Wall Breakers,5
219,Battle Ram,Bomber,Freeze,Inferno Dragon,Little Prince,Mega Knight,Mini P.E.K.K.A,Zap,52
220,Arrows,Dart Goblin,Goblin Gang,Mighty Miner,Royal Recruits,Skeletons,Suspicious Bush,Wall Breakers,9
221,Arrows,Giant,Heal Spirit,Mini P.E.K.K.A,Sparky,Tornado,Wizard,Zap,0
222,Heal Spirit,Hog Rider,Ice Golem,Mini P.E.K.K.A,Royal Ghost,Skeletons,Three Musketeers,Zap,6
223,Arrows,Firecracker,Guards,Mighty Miner,Royal Recruits,Skeleton Barrel,Skeletons,Wall Breakers,9
224,Cannon,Fire Spirit,Giant Snowball,Goblin Demolisher,Goblin Drill,Knight,Poison,Skeletons,2
225,Dart Goblin,Fire Spirit,Ice Spirit,Skeleton Army,Skeleton Barrel,Skeleton King,Suspicious Bush,The Log,5
226,Baby Dragon,Barbarian Barrel,Goblin Cage,Graveyard,Ice Wizard,Knight,Poison,Skeletons,28
227,Arrows,Battle Healer,Electro Dragon,Elixir Golem,Fireball,Inferno Dragon,Mini P.E.K.K.A,Rage,31
228,Arrows,Barbarians,Bats,Fireball,Freeze,Hog Rider,Ice Golem,Minions,67
229,Guards,Heal Spirit,Mini P.E.K.K.A,Monk,Rage,Three Musketeers,Valkyrie,Wizard,68
230,Archer Queen,Bandit,Goblin Gang,Mega Knight,Miner,Mini P.E.K.K.A,Wall Breakers,Zap,0
231,Fireball,Giant,Miner,Mini P.E.K.K.A,Musketeer,Prince,Skeletons,Zap,53
232,Barbarian Barrel,Electro Spirit,Fireball,Fisherman,Phoenix,Royal Ghost,Royal Giant,Skeletons,12
233,Barbarians,Electro Wizard,Fireball,Hog Rider,Skeleton Army,Sparky,Witch,Zap,69
234,Baby Dragon,Dark Prince,Elixir Collector,Golem,Mega Minion,Prince,Tornado,Zap,70
235,Arrows,Boss Bandit,Cannon,Fire Spirit,Mortar,Musketeer,Royal Ghost,Skeletons,71
236,Dark Prince,Earthquake,Fireball,Goblin Barrel,Skeleton Barrel,Skeletons,Tesla,Three Musketeers,72
237,Arrows,Electro Wizard,Executioner,Hog Rider,Knight,Mega Knight,Tesla,The Log,73
238,Cannon,Goblin Hut,Goblinstein,Hog Rider,Mega Knight,Mini P.E.K.K.A,Musketeer,Wall Breakers,74
239,Cannon,Dark Prince,Goblin Barrel,Knight,Little Prince,Princess,Royal Delivery,Zap,75
240,Archers,Bomber,Cannon,Mirror,Monk,Musketeer,Skeletons,The Log,76
241,Archers,Arrows,Giant,Knight,Mother Witch,Prince,Skeletons,Suspicious Bush,77
242,Archer Queen,Arrows,Bandit,Goblin Gang,Mega Knight,Prince,Wall Breakers,Zap,0
243,Bats,Furnace,Goblin Curse,Miner,Mini P.E.K.K.A,P.E.K.K.A,Wizard,Zap,78
244,Bomb Tower,Earthquake,Firecracker,Hog Rider,Ice Spirit,Knight,Skeletons,The Log,2
245,Arrows,Boss Bandit,Electro Dragon,Giant Skeleton,Inferno Tower,Mega Knight,Skeletons,Tesla,79
246,Barbarian Barrel,Bomber,Dark Prince,Electro Giant,Goblin Cage,Inferno Dragon,Lightning,Tornado,3
247,Balloon,Bats,Bomber,Cannon,Dart Goblin,Mega Knight,Mini P.E.K.K.A,Skeleton Barrel,80
248,Barbarian Barrel,Fireball,Heal Spirit,Ice Golem,Musketeer,Royal Ghost,Royal Hogs,Three Musketeers,6
249,Arrows,Earthquake,Electro Wizard,Furnace,Guards,Hog Rider,Mega Knight,Mini P.E.K.K.A,81
250,Barbarian Barrel,Fireball,Giant Snowball,Goblin Drill,Knight,Musketeer,Skeletons,Tesla,2
251,Balloon,Guards,Inferno Dragon,Lava Hound,Skeleton Dragons,Tombstone,Void,Zap,40
252,Arrows,Bomber,Giant Snowball,Goblin Drill,Goblin Hut,Goblinstein,Guards,Knight,82
253,Archer Queen,Electro Spirit,Knight,Lightning,Royal Hogs,Skeletons,Tesla,The Log,2
254,Baby Dragon,Barbarian Barrel,Bowler,Cannon,Electro Giant,Lightning,Tornado,Valkyrie,3
255,Barbarian Barrel,Battle Ram,Boss Bandit,Goblin Demolisher,P.E.K.K.A,Royal Ghost,Vines,Zappies,83
256,Boss Bandit,Dart Goblin,Electro Spirit,Goblin Barrel,Skeleton Army,Skeleton King,The Log,Wall Breakers,84
257,Arrows,Cannon Cart,Goblin Gang,Knight,Minions,Mortar,Musketeer,Skeleton Barrel,2
258,Barbarian Barrel,Berserker,Boss Bandit,Fireball,Goblin Gang,Mortar,Musketeer,Skeleton Barrel,2
259,Baby Dragon,Executioner,Golden Knight,Golem,Mini P.E.K.K.A,Tornado,Vines,Zappies,20
260,Dart Goblin,Goblin Barrel,Golden Knight,Ice Spirit,Skeleton Army,Skeleton King,Suspicious Bush,Vines,5
261,Arrows,Giant,Giant Snowball,Graveyard,Guards,Mini P.E.K.K.A,Night Witch,Witch,0
262,Mighty Miner,Miner,Musketeer,Poison,Skeletons,Tesla,The Log,Wall Breakers,2
263,Archer Queen,Barbarian Barrel,Cannon,Goblins,Ice Spirit,Lightning,Mini P.E.K.K.A,Royal Hogs,2
264,Archer Queen,Cannon,Goblins,Ice Spirit,Knight,Lightning,Royal Hogs,The Log,2
265,Bowler,Executioner,Freeze,Golden Knight,Graveyard,Inferno Dragon,Tornado,Zappies,85
266,Barbarian Barrel,Electro Spirit,Fireball,Fisherman,Hunter,Mini P.E.K.K.A,Royal Ghost,Royal Giant,12
267,Archer Queen,Berserker,Miner,Rocket,Skeletons,Tesla,The Log,Valkyrie,86
268,Giant Snowball,Goblin Demolisher,Goblin Drill,Ice Spirit,Knight,Poison,Skeletons,Tesla,2
269,Battle Ram,Boss Bandit,Golden Knight,Heal Spirit,Mother Witch,Rage,Royal Ghost,Zappies,6
270,Baby Dragon,Bomb Tower,Goblins,Graveyard,Musketeer,Tornado,Valkyrie,Vines,87
271,Arrows,Fisherman,Giant Skeleton,Mini P.E.K.K.A,Mother Witch,Royal Giant,Skeleton Army,Zappies,88
272,Arrows,Giant,Giant Snowball,Graveyard,Guards,Mini P.E.K.K.A,Minions,Witch,0
273,Barbarian Barrel,Electro Spirit,Goblin Hut,Lightning,Musketeer,Royal Ghost,Royal Hogs,Skeletons,38
274,Archer Queen,Mighty Miner,Miner,Poison,Skeletons,Tesla,The Log,Wall Breakers,2
275,Berserker,Cannon,Goblin Demolisher,Knight,Minions,Poison,Royal Delivery,Wall Breakers,89
276,Arrows,Bomber,Boss Bandit,Goblin Gang,Minions,Mortar,Musketeer,Skeleton Barrel,2
277,Earthquake,Furnace,Goblins,Hog Rider,Ice Spirit,Mini P.E.K.K.A,Tesla,The Log,90
278,Boss Bandit,Electro Wizard,Giant Snowball,Goblin Drill,Golden Knight,Magic Archer,Royal Ghost,Tornado,91
279,Barbarian Barrel,Goblin Cage,Graveyard,Knight,Musketeer,Poison,Skeleton Army,Vines,23
280,Barbarian Barrel,Goblin Demolisher,Goblin Drill,Golden Knight,Guards,Mega Knight,Musketeer,Tornado,92
281,Electro Spirit,Fireball,Fisherman,Guards,Hunter,Monk,Royal Giant,The Log,12
282,Baby Dragon,Cannon Cart,Giant,Giant Snowball,Graveyard,Mini P.E.K.K.A,Vines,Zappies,0
283,Elixir Golem,Executioner,Monk,Night Witch,Rage,Skeleton Army,Skeleton King,Void,21
284,Bomber,Electro Spirit,Knight,Princess,Rocket,Royal Delivery,Tesla,X-Bow,2
285,Dart Goblin,Fire Spirit,Mini P.E.K.K.A,Rocket,Skeleton Army,Skeleton Barrel,Suspicious Bush,The Log,5
286,Battle Ram,Boss Bandit,Lumberjack,Minions,Musketeer,Skeletons,Vines,Zap,93
287,Goblin Gang,Mother Witch,Rocket,Skeleton Army,Skeleton Barrel,Skeleton King,Wall Breakers,Zappies,94
288,Goblin Barrel,Goblin Gang,Inferno Tower,Knight,Princess,Rocket,Skeletons,The Log,5
289,Archers,Berserker,Electro Spirit,Rocket,Skeletons,Tesla,The Log,X-Bow,2
290,Arrows,Bandit,Goblin Gang,Mega Knight,Mini P.E.K.K.A,Musketeer,Wall Breakers,Zap,0
291,Elixir Golem,Executioner,Monk,Night Witch,Rage,Skeleton Army,Skeleton King,Vines,21
292,Barbarians,Dark Prince,Guards,Hog Rider,Knight,Lightning,The Log,Valkyrie,95
293,Knight,Miner,Musketeer,Poison,Skeletons,Tesla,The Log,Wall Breakers,2
294,Giant,Heal Spirit,Knight,Mini P.E.K.K.A,Sparky,Tornado,Wizard,Zap,0
295,Archers,Arrows,Bowler,Electro Wizard,Fireball,Graveyard,Guards,P.E.K.K.A,96
296,Elixir Golem,Executioner,Monk,Night Witch,Poison,Rage,Skeleton Army,Skeleton King,21
297,Arrows,Bomber,Giant Snowball,Goblin Drill,Goblin Hut,Goblinstein,Knight,Skeletons,82
298,Goblin Barrel,Goblin Gang,Ice Spirit,Knight,Princess,Rocket,Tesla,The Log,5
299,Baby Dragon,Barbarian Barrel,Battle Healer,Dark Prince,Electro Dragon,Elixir Golem,Monk,Tornado,16
300,Arrows,Cannon Cart,Electro Wizard,Golem,Mini P.E.K.K.A,Night Witch,Wizard,Zap,97
301,Arrows,Electro Giant,Guards,Inferno Dragon,Lightning,Mega Knight,Sparky,Tornado,98
302,Arrows,Giant,Heal Spirit,Mini P.E.K.K.A,Sparky,Vines,Wizard,Zap,0
303,Fireball,Fisherman,Monk,Musketeer,Royal Ghost,Royal Giant,Skeletons,The Log,12
304,Archers,Elite Barbarians,Elixir Collector,Heal Spirit,Knight,Monk,Rage,Three Musketeers,58
305,Berserker,Cannon,Fireball,Mega Minion,Miner,The Log,Tornado,Wall Breakers,2
306,Arrows,Bomber,Giant,Heal Spirit,Lumberjack,Mini P.E.K.K.A,Rage,Zap,0
307,Cannon,Fire Spirit,Giant Snowball,Goblin Drill,Knight,Rocket,Royal Delivery,Skeletons,2
308,Cannon,Electro Spirit,Hog Rider,Mighty Miner,Musketeer,Rocket,Skeletons,The Log,2
309,Bats,Dart Goblin,Goblin Barrel,Mega Knight,Prince,Princess,Royal Giant,Skeleton Army,99
310,Cannon,Fire Spirit,Giant Snowball,Goblin Drill,Knight,Magic Archer,Skeletons,The Log,2
311,Barbarian Barrel,Fireball,Flying Machine,Goblin Cage,Mother Witch,Royal Hogs,Royal Recruits,Zappies,30
312,Baby Dragon,Golem,Lightning,Lumberjack,Mega Minion,Night Witch,Tornado,Zap,100
313,Elixir Golem,Mini P.E.K.K.A,Night Witch,Rage,Skeleton Army,Skeleton King,Void,Wizard,21
314,Barbarian Barrel,Boss Bandit,Executioner,Giant Snowball,Goblin Demolisher,Golden Knight,Ram Rider,Vines,27
315,Battle Ram,Bomber,Freeze,Inferno Dragon,Mega Knight,Mini P.E.K.K.A,Mother Witch,Zap,52
316,Bomber,Executioner,Fireball,Giant Skeleton,Goblin Drill,Golden Knight,Knight,Tornado,101
317,Arrows,Golem,Inferno Dragon,Musketeer,Night Witch,Skeleton Army,Skeleton King,Zap,21
318,Balloon,Barbarians,Fireball,Lava Hound,Mega Minion,Skeleton Dragons,Tombstone,Zap,40
319,Balloon,Barbarian Barrel,Freeze,Giant Snowball,Guards,Lumberjack,Musketeer,Skeleton Dragons,102
320,Dark Prince,Electro Wizard,Elite Barbarians,Goblin Giant,Heal Spirit,Rage,Sparky,Zap,0
321,Giant,Heal Spirit,Mini P.E.K.K.A,Minions,Sparky,Tornado,Wizard,Zap,0
322,Baby Dragon,Barbarian Barrel,Battle Healer,Electro Dragon,Elixir Golem,Knight,Musketeer,Tornado,16
323,Giant,Magic Archer,Miner,Mini P.E.K.K.A,Minions,Skeletons,The Log,Zap,53
324,Cannon,Goblin Barrel,Goblins,Ice Spirit,Mighty Miner,Princess,Rocket,The Log,103
325,Bomber,Executioner,Golem,Mini P.E.K.K.A,Minions,Prince,Vines,Zap,104
326,Berserker,Cannon,Furnace,Giant Snowball,Goblin Drill,Poison,Royal Delivery,Skeletons,2
327,Arrows,Electro Spirit,Flying Machine,Goblin Cage,Musketeer,Royal Ghost,Royal Hogs,Royal Recruits,30
328,Goblin Gang,Mega Knight,Miner,Mini P.E.K.K.A,Minions,Musketeer,Wall Breakers,Zap,0
329,Archer Queen,Cannon,Ice Spirit,Miner,Mini P.E.K.K.A,Poison,Skeletons,The Log,2
330,Electro Spirit,Fireball,Fisherman,Guards,Hunter,Knight,Royal Giant,The Log,12
331,Arrows,Giant,Giant Snowball,Graveyard,Mini P.E.K.K.A,Minions,Musketeer,Skeleton Army,0
332,Bomber,Furnace,Giant Skeleton,Goblin Curse,Mini P.E.K.K.A,Royal Hogs,Skeleton Army,Skeleton Dragons,105
333,Barbarian Barrel,Goblin Hut,Miner,Musketeer,Poison,Skeleton Army,Skeleton King,Wall Breakers,8
334,Bomb Tower,Magic Archer,Miner,Spear Goblins,The Log,Tornado,Valkyrie,Wall Breakers,2
335,Bats,Bowler,Giant,Giant Snowball,Mini P.E.K.K.A,Musketeer,Sparky,Vines,0
336,Bowler,Giant,Giant Snowball,Mini P.E.K.K.A,Musketeer,Sparky,Vines,Wizard,0
337,Cannon,Executioner,Guards,Hog Rider,Ice Spirit,Knight,Lightning,The Log,106
338,Bandit,Battle Ram,Electro Wizard,Magic Archer,P.E.K.K.A,Poison,Royal Ghost,Zap,6
339,Bomber,Fireball,Goblin Gang,Mini P.E.K.K.A,Minions,Princess,Royal Hogs,Zap,107
340,Arrows,Dark Prince,Dart Goblin,Goblin Gang,Mighty Miner,Royal Recruits,Skeleton Barrel,Wall Breakers,9
341,Dart Goblin,Minions,Mother Witch,Skeleton Army,Skeleton Barrel,Skeleton King,Vines,Wall Breakers,5
342,Elite Barbarians,Goblin Barrel,Inferno Tower,Musketeer,Skeletons,The Log,Valkyrie,Witch,108
343,Archers,Barbarian Barrel,Elixir Golem,Inferno Dragon,Mini P.E.K.K.A,Rage,Vines,Witch,109
344,Bowler,Giant,Mini P.E.K.K.A,Minions,Musketeer,Sparky,Vines,Zap,0
345,Cannon,Fireball,Knight,Mini P.E.K.K.A,Musketeer,Skeleton Army,Skeleton Barrel,The Log,110
346,Arrows,Dark Prince,Goblin Giant,Heal Spirit,Mini P.E.K.K.A,Rage,Sparky,Witch,0
347,Balloon,Furnace,Guards,Lightning,Lumberjack,Tombstone,Valkyrie,Zap,111
348,Firecracker,Freeze,Inferno Tower,Knight,Royal Hogs,Skeleton Army,The Log,Witch,112
349,Earthquake,Firecracker,Giant Snowball,Goblins,Hog Rider,Knight,Tesla,The Log,2
350,Dart Goblin,Guards,Minions,Skeleton Army,Skeleton Barrel,Skeleton King,Suspicious Bush,Vines,5
351,Fire Spirit,Giant Snowball,Goblin Demolisher,Goblin Drill,Guards,Knight,Poison,Tesla,2
352,Dark Prince,Electro Spirit,Miner,Rocket,Royal Delivery,Skeletons,Tesla,The Log,2
353,Electro Spirit,Fireball,Fisherman,Knight,Royal Giant,Skeletons,The Log,Wizard,12
354,Electro Spirit,Giant Snowball,Goblin Demolisher,Goblin Drill,Knight,Poison,Skeletons,Tesla,2
355,Baby Dragon,Battle Healer,Elixir Collector,Golem,Knight,Musketeer,Valkyrie,Vines,20
356,Arrows,Balloon,Barbarians,Lava Hound,Miner,Minion Horde,Minions,Zap,59
357,Cannon,Fire Spirit,Furnace,Giant Snowball,Goblin Drill,Knight,Rocket,Skeletons,2
358,Arrows,Bomb Tower,Dart Goblin,Electro Spirit,Goblin Barrel,Knight,Rocket,Skeletons,113
359,Archer Queen,Elixir Collector,Fire Spirit,Ice Spirit,Mini P.E.K.K.A,Skeletons,The Log,X-Bow,2
360,Balloon,Fireball,Guards,Inferno Dragon,Lava Hound,Skeleton Dragons,Valkyrie,Zap,40
361,Cannon,Fireball,Hog Rider,Ice Spirit,Knight,Musketeer,Skeletons,The Log,2
362,Barbarian Barrel,Cannon,Earthquake,Electro Spirit,Firecracker,Hog Rider,Mighty Miner,Skeletons,2
363,Barbarian Barrel,Bowler,Electro Giant,Goblin Hut,Inferno Dragon,Lightning,Tornado,Valkyrie,3
364,Arrows,Barbarians,Bomber,Fireball,Giant,Miner,Minions,Witch,114
365,Barbarian Barrel,Electro Spirit,Fireball,Ice Golem,Mini P.E.K.K.A,Musketeer,Royal Hogs,Skeletons,115
366,Barbarian Barrel,Fireball,Hunter,Ice Spirit,Monk,Royal Hogs,Skeletons,Three Musketeers,116
367,Balloon,Bats,Bomb Tower,Giant Snowball,Hunter,Ice Golem,Miner,Mini P.E.K.K.A,117
368,Barbarian Barrel,Electro Spirit,Executioner,Fisherman,Goblin Demolisher,Royal Giant,Skeletons,Vines,12
369,Dart Goblin,Goblin Barrel,Goblin Gang,Knight,Prince,Princess,Rascals,The Log,5
370,Dark Prince,Ice Spirit,Miner,Rocket,Royal Delivery,Skeletons,Tesla,The Log,2
371,Electro Spirit,Goblin Barrel,Guards,Knight,Princess,Rocket,Tesla,The Log,5
372,Barbarian Barrel,Boss Bandit,Cannon,Electro Spirit,Executioner,Giant Snowball,Ram Rider,Vines,27
373,Bandit,Boss Bandit,Executioner,Giant Snowball,Goblin Demolisher,Golden Knight,Ram Rider,Vines,27
374,Electro Spirit,Golden Knight,Miner,Rocket,Royal Delivery,Skeletons,Tesla,The Log,2
375,Electro Spirit,Executioner,Fisherman,Royal Ghost,Royal Giant,Skeletons,The Log,Vines,12
376,Balloon,Barbarian Barrel,Freeze,Giant Snowball,Knight,Lumberjack,Musketeer,Skeleton Dragons,102
377,Arrows,Cannon Cart,Goblin Gang,Ice Wizard,Mortar,Skeleton Barrel,Skeleton King,Spear Goblins,118
378,Bomber,Ice Spirit,Knight,Princess,Rocket,Royal Delivery,Tesla,X-Bow,2
379,Barbarian Barrel,Fisherman,Lightning,Royal Giant,Skeleton King,Tombstone,Witch,Zappies,119
380,Dart Goblin,Inferno Tower,Miner,Minion Horde,Princess,Skeleton Army,Skeleton Barrel,Vines,120
381,Barbarians,Firecracker,Giant Skeleton,Guards,Hog Rider,Lightning,Minion Horde,The Log,121
382,Earthquake,Firecracker,Hog Rider,Ice Spirit,Knight,Skeletons,Tesla,The Log,2
383,Berserker,Cannon,Mega Minion,Miner,Poison,Skeletons,The Log,Wall Breakers,2
384,Barbarian Barrel,Battle Ram,Boss Bandit,Magic Archer,Mini P.E.K.K.A,Skeletons,Spirit Empress,Zap,6
385,Electro Wizard,Giant Snowball,Golden Knight,Guards,Mega Knight,Poison,Ram Rider,Spirit Empress,122
386,Barbarian Barrel,Cannon,Goblinstein,Graveyard,Guards,Ice Wizard,Poison,Valkyrie,28
387,Dart Goblin,Fire Spirit,Goblin Gang,Ice Spirit,Skeleton Barrel,Skeleton King,Vines,Wall Breakers,5
388,Elixir Collector,Heal Spirit,Ice Golem,Royal Ghost,Royal Hogs,Skeletons,Three Musketeers,Vines,6
389,Electro Wizard,Mega Knight,Mini P.E.K.K.A,Poison,Ram Rider,Royal Ghost,Spirit Empress,Zap,122
390,Baby Dragon,Battle Healer,Elixir Collector,Golem,Mini P.E.K.K.A,Valkyrie,Vines,Zappies,20
391,Fireball,Giant,Guards,Hunter,Inferno Dragon,Miner,The Log,Zap,123
392,Electro Wizard,Golden Knight,Mega Knight,Poison,Ram Rider,Royal Ghost,Spirit Empress,Zap,122
393,Electro Spirit,Firecracker,Guards,Lightning,Mini P.E.K.K.A,Musketeer,Royal Giant,Zap,124
394,Barbarian Barrel,Freeze,Graveyard,Ice Wizard,Inferno Dragon,Mortar,Tornado,Valkyrie,125
395,Barbarian Barrel,Fireball,Goblins,Hunter,Ice Golem,Royal Ghost,Royal Hogs,Three Musketeers,6
396,Arrows,Balloon,Guards,Inferno Dragon,Lava Hound,Skeleton Dragons,Valkyrie,Vines,40
397,Cannon,Earthquake,Electro Spirit,Hog Rider,Ice Golem,Musketeer,Skeletons,The Log,2
398,Arrows,Barbarian Barrel,Fireball,Goblin Cage,Knight,Royal Hogs,Royal Recruits,Zappies,30
399,Baby Dragon,Barbarian Barrel,Graveyard,Ice Wizard,Knight,Poison,Tombstone,Tornado,28
400,Arrows,Elixir Golem,Lightning,Night Witch,Rage,Skeleton Army,Skeleton King,Witch,21
401,Barbarian Barrel,Cannon,Fireball,Ice Spirit,Musketeer,Skeleton Barrel,Skeletons,Wall Breakers,2
402,Electro Spirit,Fireball,Fisherman,Hunter,Knight,Mini P.E.K.K.A,Royal Giant,The Log,12
403,Electro Spirit,Fireball,Fisherman,Hunter,Knight,Royal Ghost,Royal Giant,The Log,12
404,Boss Bandit,Executioner,Freeze,Guards,Hog Rider,Mini P.E.K.K.A,Minion Horde,Zap,126
405,Giant,Golden Knight,Magic Archer,Miner,Mini P.E.K.K.A,Skeletons,The Log,Zap,53
406,Archer Queen,Berserker,Cannon,Earthquake,Royal Delivery,Royal Hogs,Skeletons,The Log,2
407,Arrows,Giant,Ice Wizard,Mini P.E.K.K.A,Rage,Royal Ghost,Witch,Zap,0
408,Bomber,Cannon,Fire Spirit,Giant Snowball,Goblin Drill,Knight,Rocket,Skeletons,2
409,Dark Prince,Giant,Mini P.E.K.K.A,Minions,Rage,Skeleton Army,Sparky,Zap,0
410,Arrows,Balloon,Bats,Bomber,Freeze,Giant,Minions,Skeleton Army,1
411,Bomb Tower,Executioner,Goblin Drill,Golden Knight,Knight,Poison,Skeletons,Tornado,127
412,Berserker,Cannon,Dart Goblin,Electro Spirit,Fire Spirit,Fireball,Suspicious Bush,Wall Breakers,19
413,Bomb Tower,Ice Wizard,Knight,Miner,Rocket,Skeletons,Tornado,Wall Breakers,2
414,Bats,Goblin Hut,Knight,Miner,Poison,Spear Goblins,The Log,Wall Breakers,128
415,Goblin Barrel,Inferno Tower,Princess,Rascals,Skeleton Army,Skeleton Barrel,Suspicious Bush,The Log,129
416,Dark Prince,Giant,Miner,Mini P.E.K.K.A,Rage,Vines,Witch,Zap,0
417,Cannon,Fireball,Ice Spirit,Mini P.E.K.K.A,Musketeer,Santa Hog Rider,Skeletons,The Log,2
418,Fireball,Firecracker,Goblin Barrel,Goblin Gang,Knight,Santa Hog Rider,Tesla,The Log,130
419,Balloon,Fireball,Goblin Gang,Lumberjack,Minion Horde,Santa Hog Rider,Valkyrie,Witch,131
420,Giant,Hunter,Mini P.E.K.K.A,Minion Horde,Skeleton Army,Sparky,Tornado,Zap,0
421,Balloon,Bats,Freeze,Giant Snowball,Knight,Lumberjack,Mini P.E.K.K.A,Wizard,132
422,Dart Goblin,Goblin Barrel,Inferno Tower,Princess,Skeleton Army,Skeleton Barrel,The Log,Valkyrie,129
423,Goblins,Inferno Tower,Miner,Mini P.E.K.K.A,Princess,Skeleton Army,The Log,Zap,133
424,Cannon,Earthquake,Firecracker,Hog Rider,Ice Spirit,Knight,Skeletons,The Log,2
425,Elite Barbarians,Executioner,Fireball,Minion Horde,Mirror,P.E.K.K.A,Rage,Royal Recruits,134
426,Bomb Tower,Boss Bandit,Electro Dragon,Firecracker,Knight,Mini P.E.K.K.A,Suspicious Bush,The Log,135
427,Elite Barbarians,Hog Rider,Inferno Tower,Lumberjack,P.E.K.K.A,Witch,Wizard,Zap,136
428,Balloon,Giant Snowball,Ice Golem,Inferno Tower,Miner,Musketeer,Skeletons,Valkyrie,7
429,Arrows,Golden Knight,Guards,Miner,Minion Horde,Mortar,Mother Witch,Skeleton Army,137
430,Cannon,Electro Spirit,Firecracker,Hog Rider,Lightning,Mini P.E.K.K.A,Skeletons,The Log,2
431,Baby Dragon,Barbarian Barrel,Battle Healer,Electro Dragon,Elixir Golem,Goblin Cage,Skeletons,Tornado,16
432,Bomb Tower,Guards,Knight,Magic Archer,Miner,The Log,Tornado,Wall Breakers,2
433,Baby Dragon,Barbarian Barrel,Elixir Collector,Golem,Lightning,Mini P.E.K.K.A,Musketeer,Skeleton Army,138
434,Baby Dragon,Barbarian Barrel,Goblin Hut,Graveyard,Ice Spirit,Knight,Musketeer,Poison,23
435,Cannon,Earthquake,Electro Spirit,Firecracker,Hog Rider,Mini P.E.K.K.A,Royal Delivery,Skeletons,2
436,Bomb Tower,Fireball,Magic Archer,Miner,Skeletons,Tornado,Valkyrie,Wall Breakers,2
437,Arrows,Fisherman,Goblin Barrel,Goblin Demolisher,Goblin Gang,Ice Wizard,Rascals,Royal Recruits,139
438,Bomb Tower,Magic Archer,Miner,Skeletons,The Log,Tornado,Valkyrie,Wall Breakers,2
439,Electro Spirit,Giant Snowball,Goblin Demolisher,Goblin Drill,Guards,Knight,Poison,Tesla,2
440,Baby Dragon,Bomber,Bowler,Electro Giant,Goblin Cage,Golden Knight,Lightning,Tornado,3
441,Arrows,Goblin Cage,Guards,Lava Hound,Lightning,Mega Minion,Skeleton Dragons,Valkyrie,40
442,Barbarian Barrel,Boss Bandit,Fireball,Minions,Mortar,Musketeer,Skeleton Barrel,Skeletons,2
443,Barbarian Barrel,Electro Wizard,Fireball,Mini P.E.K.K.A,Minions,Mortar,Skeleton Barrel,Skeletons,2
444,Dart Goblin,Fire Spirit,Ice Spirit,Monk,Skeleton Army,Skeleton Barrel,Suspicious Bush,Vines,5
445,Electro Spirit,Fireball,Fisherman,Hunter,Royal Ghost,Royal Giant,Skeletons,The Log,12
446,Fire Spirit,Ice Spirit,Poison,Rocket,Royal Delivery,Skeletons,Tesla,The Log,2
447,Battle Healer,Heal Spirit,Inferno Dragon,Mini P.E.K.K.A,Monk,Rage,Valkyrie,Vines,25
448,Cannon,Fire Spirit,Mega Minion,Miner,Poison,The Log,Tornado,Wall Breakers,2
449,Battle Healer,Electro Dragon,Elixir Collector,Elixir Golem,Fire Spirit,Mirror,Skeletons,Tornado,16
450,Cannon,Fire Spirit,Fireball,Goblin Drill,Mighty Miner,Skeletons,The Log,Wall Breakers,2
451,Goblin Curse,Lava Hound,Miner,Minions,Spirit Empress,Tombstone,Valkyrie,Zap,40
452,Elite Barbarians,Elixir Collector,Freeze,Ice Spirit,Mirror,Rage,Skeletons,Vines,140
453,Arrows,Minions,Mortar,Musketeer,Skeleton Barrel,Skeleton King,Skeletons,Spear Goblins,2
454,Archer Queen,Battle Ram,Cannon,Giant Snowball,Mighty Miner,Royal Ghost,Suspicious Bush,Void,141
455,Barbarian Barrel,Electro Spirit,Hog Rider,Lightning,Mighty Miner,Musketeer,Skeletons,Tesla,2
456,Archer Queen,Battle Ram,Cannon,Giant Snowball,Mighty Miner,Mother Witch,Royal Ghost,Suspicious Bush,141
457,Bowler,Fireball,Giant,Goblin Gang,Inferno Tower,Miner,Night Witch,Zap,142
458,Battle Ram,Boss Bandit,Electro Wizard,Goblin Curse,Goblins,Magic Archer,Mini P.E.K.K.A,Royal Ghost,6
459,Bandit,Barbarian Barrel,Boss Bandit,Executioner,Giant Snowball,Golden Knight,Ram Rider,Vines,27
460,Bomber,Giant,Heal Spirit,Mega Minion,Mini P.E.K.K.A,Royal Ghost,Void,Zap,143
461,Bomber,Electro Spirit,Executioner,Giant,Mini P.E.K.K.A,Royal Ghost,Void,Zap,143
462,Barbarian Barrel,Electro Giant,Goblin Cage,Lightning,Musketeer,Royal Ghost,Skeletons,Tornado,144
463,Arrows,Battle Ram,Golden Knight,Knight,Mother Witch,P.E.K.K.A,Royal Ghost,Zappies,6
464,Baby Dragon,Golden Knight,Golem,Ice Wizard,Lightning,Mini P.E.K.K.A,Royal Ghost,Tornado,145
465,Barbarian Barrel,Fireball,Heal Spirit,Hunter,Ice Golem,Mini P.E.K.K.A,Royal Hogs,Three Musketeers,6
466,Bats,Bowler,Giant,Giant Snowball,Graveyard,Mini P.E.K.K.A,Vines,Witch,0
467,Giant Snowball,Goblin Demolisher,Goblin Drill,Guards,Ice Spirit,Knight,Rocket,Tesla,2
468,Giant,Heal Spirit,Mini P.E.K.K.A,Skeleton Army,Sparky,Vines,Wizard,Zap,0
469,Arrows,Bomb Tower,Dart Goblin,Goblin Gang,Mighty Miner,Royal Recruits,Skeleton Barrel,Wall Breakers,9
470,Baby Dragon,Fireball,Flying Machine,Lava Hound,Skeleton Army,Tombstone,Valkyrie,Vines,40
471,Barbarian Barrel,Miner,Minions,Mortar,Musketeer,Poison,Skeleton Army,Skeleton King,8
472,Fireball,Fisherman,Hunter,Knight,Royal Ghost,Royal Giant,Skeletons,The Log,12
473,Ice Spirit,Knight,Mortar,Musketeer,Rocket,Skeletons,The Log,Tornado,2
474,Arrows,Balloon,Bomb Tower,Giant Snowball,Ice Golem,Miner,Musketeer,Skeletons,7
475,Inferno Dragon,Mega Knight,Miner,Minions,Skeleton Army,Skeleton Barrel,Skeleton King,Zap,146
476,Ice Wizard,Rocket,Skeletons,Tesla,The Log,Tornado,Valkyrie,X-Bow,2
477,Bomber,Fire Spirit,Giant Snowball,Goblin Drill,Knight,Poison,Skeletons,Tesla,2
478,Archer Queen,Electro Spirit,Fireball,Knight,Skeletons,Tesla,The Log,X-Bow,2
479,Arrows,Goblin Cage,Knight,Lava Hound,Lightning,Skeleton Army,Skeleton Dragons,Spirit Empress,147
480,Cannon Cart,Giant Snowball,Guards,Knight,Mortar,Musketeer,Poison,Skeleton Barrel,2
481,Cannon Cart,Giant Snowball,Graveyard,Guards,Knight,Mortar,Musketeer,Poison,2
482,Arrows,Barbarians,Bowler,Giant,Giant Snowball,Graveyard,Ice Wizard,Minions,0
483,Barbarians,Flying Machine,Goblin Curse,Lava Hound,Miner,Phoenix,Tombstone,Zap,148
484,Barbarian Barrel,Cannon,Earthquake,Electro Spirit,Hog Rider,Knight,Mother Witch,Skeletons,2
485,Balloon,Barbarian Barrel,Bowler,Electro Dragon,Freeze,Inferno Dragon,Knight,Tornado,29
486,Dart Goblin,Fire Spirit,Ice Spirit,Skeleton Army,Skeleton Barrel,Skeleton King,The Log,Wall Breakers,5
487,Arrows,Battle Ram,Electro Wizard,Golden Knight,Knight,Mother Witch,P.E.K.K.A,Royal Ghost,6
488,Electro Spirit,Fireball,Fisherman,Hunter,Knight,Royal Giant,Skeletons,The Log,12
489,Elixir Collector,Giant Snowball,Ice Golem,Ice Spirit,Miner,Mini P.E.K.K.A,The Log,Three Musketeers,149
490,Cannon,Earthquake,Firecracker,Hog Rider,Ice Spirit,Mighty Miner,Skeletons,The Log,2
491,Cannon,Goblin Drill,Mighty Miner,Musketeer,Poison,Skeletons,The Log,Wall Breakers,2
492,Cannon,Giant Snowball,Goblin Drill,Ice Spirit,Mighty Miner,Musketeer,Poison,Skeletons,2
493,Baby Dragon,Barbarian Barrel,Goblin Cage,Graveyard,Ice Wizard,Knight,Poison,Tornado,28
494,Dark Prince,Elixir Collector,Giant,Lightning,Mini P.E.K.K.A,Rage,Witch,Zap,0
495,Boss Bandit,Cannon Cart,Dark Prince,Giant Snowball,Goblin Barrel,Goblin Gang,Princess,Rascals,150
496,Balloon,Bowler,Freeze,Inferno Dragon,Knight,Lumberjack,Tornado,Wizard,29
497,Arrows,Bats,Electro Spirit,Elixir Collector,Knight,Mega Knight,Spear Goblins,Three Musketeers,151
498,Bandit,Cannon,Goblin Drill,Magic Archer,Royal Ghost,Skeletons,Tornado,Wall Breakers,152
499,Boss Bandit,Executioner,Freeze,Hog Rider,Mini P.E.K.K.A,Minions,Skeletons,Zap,126
500,Barbarian Barrel,Fireball,Fisherman,Royal Giant,Skeleton King,Tombstone,Witch,Zappies,119
501,Arrows,Cannon,Ice Wizard,Knight,Lightning,Mega Knight,Ram Rider,Zappies,153
502,Dark Prince,Elixir Collector,Giant,Mini P.E.K.K.A,Minion Horde,Rage,Sparky,Wizard,0
503,Balloon,Inferno Dragon,Lava Hound,Skeleton Dragons,Tombstone,Valkyrie,Vines,Void,40
504,Barbarian Barrel,Boss Bandit,Electro Spirit,Executioner,Giant Snowball,Mini P.E.K.K.A,Ram Rider,Vines,27
505,Barbarian Barrel,Knight,Lightning,Minions,Mortar,Musketeer,Skeleton Barrel,Skeletons,2
506,Bomber,Dark Prince,Fireball,Giant,Mega Minion,Mini P.E.K.K.A,Rage,Zap,0
507,Balloon,Barbarians,Lava Hound,Mega Minion,Skeleton Dragons,Tombstone,Void,Zap,40
508,Barbarian Barrel,Executioner,Fisherman,Guards,Monk,Royal Giant,Vines,Zappies,154
509,Arrows,Fireball,Flying Machine,Goblin Hut,Musketeer,Royal Ghost,Royal Hogs,Skeletons,30
510,Fire Spirit,Goblin Hut,Musketeer,Royal Ghost,Skeletons,Suspicious Bush,Wall Breakers,Zap,155
511,Balloon,Guards,Inferno Dragon,Lava Hound,Skeleton Dragons,Valkyrie,Vines,Void,40
512,Bats,Elixir Collector,Giant,Goblin Gang,Knight,Minion Horde,Three Musketeers,Zap,57
513,Arrows,Balloon,Freeze,Inferno Tower,Lumberjack,Musketeer,Skeleton Army,Valkyrie,156
514,Arrows,Battle Ram,Berserker,Goblin Gang,Musketeer,Royal Recruits,Skeleton King,Zappies,157
515,Bandit,Battle Ram,Electro Wizard,Minions,P.E.K.K.A,Poison,Royal Ghost,Zap,6
516,Baby Dragon,Balloon,Berserker,Giant Snowball,Goblin Cage,Ice Golem,Miner,Rocket,158
517,Berserker,Cannon,Dart Goblin,Goblin Barrel,Ice Spirit,Rocket,Valkyrie,Wall Breakers,5
518,Cannon,Earthquake,Hog Rider,Ice Spirit,Mighty Miner,Musketeer,Skeletons,The Log,2
519,Cannon,Fireball,Hog Rider,Ice Spirit,Monk,Musketeer,Skeleton Army,The Log,2
520,Balloon,Giant Snowball,Ice Golem,Ice Spirit,Lumberjack,Minions,Musketeer,The Log,159
521,Bomb Tower,Goblinstein,Magic Archer,Miner,Skeletons,The Log,Tornado,Wall Breakers,2
522,Arrows,Balloon,Giant Snowball,Inferno Dragon,Knight,Lava Hound,Minions,Skeleton Army,160
523,Arrows,Bowler,Giant,Goblin Gang,Inferno Tower,Miner,Night Witch,Zap,142
524,Barbarian Barrel,Electro Spirit,Fireball,Fisherman,Hunter,Monk,Royal Giant,Skeletons,12
525,Arrows,Balloon,Bats,Freeze,Giant,Goblin Gang,Minion Horde,Skeleton Army,1
526,Arrows,Bomber,Electro Spirit,Flying Machine,Goblin Cage,Musketeer,Royal Hogs,Royal Recruits,30
527,Archer Queen,Ice Spirit,Miner,Mini P.E.K.K.A,Minions,Mortar,Skeletons,The Log,2
528,Arrows,Guards,Inferno Dragon,Lava Hound,Lightning,Skeleton Dragons,Spirit Empress,Valkyrie,40
529,Arrows,Furnace,Guards,Lightning,Minions,Mortar,Skeleton Barrel,Skeleton King,161
530,Arrows,Fisherman,Goblin Cage,Guards,Inferno Dragon,Lava Hound,Lightning,Skeleton Dragons,40
531,Bandit,Battle Ram,Electro Wizard,Fireball,Magic Archer,P.E.K.K.A,Royal Ghost,Zap,6
532,Bowler,Cannon,Electro Giant,Ice Wizard,Inferno Dragon,Knight,Lightning,Tornado,162
533,Giant,Goblinstein,Guards,Mini P.E.K.K.A,Rage,Sparky,Vines,Wizard,0
534,Cannon,Earthquake,Electro Spirit,Firecracker,Goblins,Hog Rider,Mini P.E.K.K.A,The Log,2
535,Berserker,Bomber,Cannon,Goblin Drill,Mighty Miner,Poison,Royal Delivery,Wall Breakers,163
536,Dart Goblin,Goblin Barrel,Goblin Curse,Goblin Gang,Mini P.E.K.K.A,Rage,Skeleton Army,Suspicious Bush,36
537,Balloon,Fireball,Guards,Inferno Dragon,Lava Hound,Skeleton Dragons,Tombstone,Zap,40
538,Barbarians,Fireball,Inferno Dragon,Lava Hound,Miner,Skeleton Dragons,Tombstone,Zap,40
539,Bomb Tower,Goblin Drill,Ice Golem,Magic Archer,Skeletons,The Log,Tornado,Wall Breakers,2
540,Giant,Mini P.E.K.K.A,Minions,Skeleton Army,Spirit Empress,The Log,Vines,Zap,164
541,Goblin Curse,Mega Knight,Mini P.E.K.K.A,Minions,Musketeer,Prince,Wall Breakers,Zap,0
542,Archer Queen,Arrows,Bandit,Barbarians,Battle Ram,Fireball,Golden Knight,Magic Archer,165
543,Dark Prince,Electro Wizard,Goblin Giant,Heal Spirit,Mini P.E.K.K.A,Rage,Sparky,Zap,0
544,Baby Dragon,Barbarian Barrel,Goblin Cage,Golem,Ice Wizard,Lightning,Night Witch,Tornado,3
545,Bomb Tower,Dart Goblin,Goblin Barrel,Knight,Rocket,Skeleton Army,Skeleton Barrel,Wall Breakers,166
546,Archer Queen,Arrows,Bandit,Electro Wizard,Mega Knight,Prince,Wall Breakers,Zap,0
547,Barbarian Barrel,Boss Bandit,Executioner,Giant Snowball,Guards,Lightning,Mini P.E.K.K.A,Ram Rider,27
548,Knight,Magic Archer,Miner,Skeletons,Tesla,The Log,Tornado,Wall Breakers,2
549,Boss Bandit,Electro Wizard,Golden Knight,Heal Spirit,Lumberjack,Mother Witch,Rage,Royal Ghost,6
550,Bomb Tower,Knight,Magic Archer,Miner,Skeletons,The Log,Tornado,Wall Breakers,2
551,Battle Ram,Boss Bandit,Electro Wizard,Golden Knight,Heal Spirit,Lumberjack,Mother Witch,Rage,6
552,Lava Hound,Miner,Minions,Spirit Empress,Tombstone,Valkyrie,Vines,Zap,40
553,Electro Spirit,Giant Snowball,Goblin Demolisher,Goblin Drill,Guards,Knight,Rocket,Tesla,2
554,Barbarian Barrel,Cannon,Earthquake,Hog Rider,Ice Spirit,Mighty Miner,Musketeer,Skeletons,2
555,Earthquake,Guards,Hog Rider,Ice Spirit,Mighty Miner,Mortar,Musketeer,Royal Delivery,167
556,Arrows,Fisherman,Giant Skeleton,Knight,Mother Witch,Musketeer,Royal Hogs,Skeleton Army,168
557,Baby Dragon,Fireball,Guards,Lava Hound,Spirit Empress,Tombstone,Valkyrie,Vines,40
558,Arrows,Bats,Elixir Collector,Giant,Goblin Gang,Mini P.E.K.K.A,Royal Ghost,Three Musketeers,169
559,Barbarian Barrel,Dart Goblin,Minions,Mortar,Poison,Rascals,Skeleton Barrel,Skeletons,2
560,Executioner,Golden Knight,Heal Spirit,Lumberjack,Monk,Rage,Ram Rider,Zappies,170
561,Electro Wizard,Firecracker,Goblin Cage,Mega Knight,Royal Ghost,Royal Giant,The Log,Void,171
562,Barbarian Barrel,Electro Spirit,Fisherman,Hunter,Lightning,Royal Ghost,Royal Giant,Skeletons,12
563,Baby Dragon,Bats,Clone,Flying Machine,Lava Hound,Lumberjack,Skeleton Army,Vines,172
564,Bats,Fireball,Firecracker,Goblin Gang,Ice Golem,Mini P.E.K.K.A,Royal Hogs,The Log,173
565,Bomber,Furnace,Giant Skeleton,Goblin Curse,Knight,Royal Hogs,Skeleton Army,Skeleton Dragons,105
566,Barbarians,Elixir Collector,Golem,Minion Horde,Musketeer,Skeleton Army,Three Musketeers,Vines,174
567,Archer Queen,Barbarian Barrel,Bats,Fireball,Miner,Mini P.E.K.K.A,Mortar,Skeletons,175
568,Archer Queen,Electro Spirit,Elixir Collector,Fire Spirit,Giant Snowball,Mini P.E.K.K.A,Skeletons,X-Bow,2
569,Archer Queen,Electro Spirit,Elixir Collector,Fire Spirit,Ice Spirit,Mini P.E.K.K.A,Skeletons,X-Bow,2
570,Bowler,Fireball,Flying Machine,Giant,Goblin Gang,Miner,Night Witch,Zap,142
571,Goblin Hut,Knight,Magic Archer,Miner,Skeletons,The Log,Tornado,Wall Breakers,2
572,Arrows,Bowler,Flying Machine,Giant,Goblin Gang,Miner,Night Witch,Zap,142
573,Battle Ram,Electro Wizard,Golden Knight,Heal Spirit,Mini P.E.K.K.A,Mother Witch,Rage,Royal Ghost,6
574,Fireball,Giant,Heal Spirit,Mini P.E.K.K.A,Sparky,Tornado,Wizard,Zap,0
575,Bandit,Battle Ram,Electro Wizard,Fireball,Minions,P.E.K.K.A,Royal Ghost,Zap,6
576,Barbarian Barrel,Battle Ram,Electro Wizard,Golden Knight,Heal Spirit,Magic Archer,Mini P.E.K.K.A,Royal Ghost,6
577,Electro Spirit,Fisherman,Hunter,Lightning,Royal Ghost,Royal Giant,Skeletons,The Log,12
578,Giant,Golden Knight,Mini P.E.K.K.A,Mother Witch,Spirit Empress,Vines,Witch,Zap,176
579,Barbarian Barrel,Fireball,Goblin Gang,Ice Wizard,Mortar,Musketeer,Skeleton Barrel,Skeleton King,2
580,Battle Ram,Electro Wizard,Golden Knight,Heal Spirit,Magic Archer,Mini P.E.K.K.A,Royal Ghost,Zap,6
581,Electro Spirit,Giant Snowball,Goblin Demolisher,Guards,Mini P.E.K.K.A,Mortar,Musketeer,Poison,177
582,Barbarian Barrel,Cannon,Mighty Miner,Miner,Minions,Poison,Skeletons,Wall Breakers,8
583,Battle Ram,Electro Wizard,Fireball,Golden Knight,Minions,P.E.K.K.A,Royal Ghost,Zap,6
584,Baby Dragon,Barbarian Barrel,Berserker,Elixir Collector,Golem,Mini P.E.K.K.A,Vines,Witch,11
585,Arrows,Battle Ram,Electro Wizard,Golden Knight,Minions,P.E.K.K.A,Royal Ghost,Zap,6
586,Dart Goblin,Lightning,Mini P.E.K.K.A,Mother Witch,Skeleton Army,Skeleton Barrel,Skeleton King,Vines,5
587,Barbarian Barrel,Goblin Cage,Goblinstein,Graveyard,Guards,Ice Wizard,Knight,Poison,28
588,Baby Dragon,Barbarian Barrel,Graveyard,Ice Wizard,Knight,Poison,Skeletons,Tombstone,28
589,Archers,Arrows,Giant,Hunter,Lightning,Mini P.E.K.K.A,Royal Ghost,Sparky,178
590,Barbarian Barrel,Electro Dragon,Elixir Collector,Golem,Lumberjack,Mini P.E.K.K.A,Skeleton Dragons,Tornado,16
591,Dart Goblin,Goblin Gang,Mini P.E.K.K.A,Princess,Skeleton Army,Skeleton Barrel,Suspicious Bush,Vines,5
592,Dart Goblin,Goblin Barrel,Goblin Gang,Mini P.E.K.K.A,Minion Horde,Poison,Royal Recruits,The Log,179
593,Berserker,Dart Goblin,Goblin Barrel,Goblin Gang,Princess,The Log,Valkyrie,Wall Breakers,5
594,Arrows,Battle Ram,Golden Knight,Minions,Mother Witch,P.E.K.K.A,Royal Ghost,Zap,6
595,Arrows,Bowler,Giant,Graveyard,Guards,Musketeer,Night Witch,Zap,0
596,Elixir Collector,Golem,Lumberjack,Minion Horde,Minions,Skeleton Army,Three Musketeers,Zap,180
597,Arrows,Bandit,Battle Ram,Electro Wizard,Mini P.E.K.K.A,P.E.K.K.A,Wizard,Zap,6
598,Arrows,Golem,Lightning,Mini P.E.K.K.A,Night Witch,Phoenix,Valkyrie,Zap,181
599,Electro Spirit,Executioner,Fisherman,Goblin Cage,Knight,Lightning,Royal Giant,The Log,182
600,Balloon,Barbarian Barrel,Bomb Tower,Giant Snowball,Ice Golem,Mega Knight,Miner,Skeletons,7
601,Balloon,Barbarian Barrel,Bomb Tower,Giant Snowball,Ice Golem,Miner,Rune Giant,Skeletons,7
602,Arrows,Dart Goblin,Executioner,Goblin Barrel,Hog Rider,Mega Knight,Minion Horde,Skeleton Army,183
603,Balloon,Barbarian Barrel,Bomb Tower,Giant Snowball,Ice Golem,Miner,Skeletons,Three Musketeers,7
604,Barbarian Barrel,Electro Spirit,Fisherman,Guards,Hunter,Lightning,Monk,Royal Giant,12
605,Balloon,Barbarian Barrel,Bomb Tower,Giant Snowball,Golem,Ice Spirit,Miner,Skeletons,7
606,Balloon,Bowler,Electro Dragon,Freeze,Inferno Dragon,Lumberjack,Valkyrie,Zap,29
607,Balloon,Barbarian Barrel,Bomb Tower,Giant Snowball,Miner,Mirror,Skeletons,X-Bow,7
608,Balloon,Barbarian Barrel,Barbarian Hut,Freeze,Miner,Mirror,P.E.K.K.A,Skeletons,184
609,Fireball,Giant,Ice Spirit,Lumberjack,Mini P.E.K.K.A,The Log,Vines,Witch,185
610,Archer Queen,Balloon,Barbarian Barrel,Bomb Tower,Giant Snowball,Ice Golem,Miner,Skeletons,7
611,Boss Bandit,Fireball,Giant,Knight,Mini P.E.K.K.A,Musketeer,The Log,Witch,186
612,Arrows,Balloon,Bomb Tower,Giant Snowball,Miner,Mirror,Musketeer,Skeletons,7
613,Fireball,Hog Rider,Ice Golem,Ice Spirit,Mini P.E.K.K.A,Musketeer,Skeletons,The Log,2
614,Clone,Golem,Ice Spirit,Mirror,Night Witch,Skeleton Dragons,Skeletons,Tornado,187
615,Bomb Tower,Electro Dragon,Electro Spirit,Golden Knight,Lightning,Mega Knight,Skeletons,The Log,188
616,Bats,Clone,Giant Skeleton,Mirror,Skeleton Barrel,Skeleton Dragons,Skeletons,Tornado,189
617,Bats,Firecracker,Goblin Gang,Lightning,Mega Knight,Mini P.E.K.K.A,Skeleton Barrel,Zap,190
618,Earthquake,Firecracker,Hog Rider,Ice Golem,Ice Spirit,Mini P.E.K.K.A,Skeletons,The Log,2
619,Arrows,Electro Spirit,Flying Machine,Goblin Cage,Golden Knight,Musketeer,Royal Hogs,Royal Recruits,30
620,Arrows,Dart Goblin,Furnace,Mini P.E.K.K.A,Prince,Princess,Valkyrie,Zap,191
621,Cannon,Dart Goblin,Goblin Barrel,Ice Spirit,Princess,The Log,Valkyrie,Wall Breakers,5
622,Barbarian Barrel,Berserker,Furnace,Goblin Hut,Graveyard,Ice Spirit,Knight,Poison,23
623,Dart Goblin,Miner,Minion Horde,Skeleton Army,Skeleton Barrel,Skeleton King,The Log,Wall Breakers,5
624,Electro Spirit,Fireball,Fisherman,Hunter,Rage,Royal Ghost,Royal Giant,Skeletons,12
625,Battle Ram,Boss Bandit,Electro Wizard,Goblin Curse,Magic Archer,Mini P.E.K.K.A,P.E.K.K.A,Zap,6
626,Barbarian Barrel,Executioner,Giant Skeleton,Golden Knight,Royal Ghost,Royal Hogs,Tornado,Zappies,192
627,Barbarian Barrel,Battle Ram,Elixir Collector,Giant Snowball,Hunter,Knight,Royal Ghost,Three Musketeers,6
628,Barbarian Barrel,Bowler,Cannon,Earthquake,Fireball,Hog Rider,Monk,Skeleton Army,193
629,Dart Goblin,Electro Spirit,Fire Spirit,Goblin Barrel,Ice Spirit,Royal Recruits,The Log,Wall Breakers,5
630,Berserker,Bomber,Executioner,Golem,Lightning,Rocket,Sparky,Tornado,194
631,Bats,Dark Prince,Goblin Giant,Mini P.E.K.K.A,Mother Witch,Rage,Sparky,Vines,195
632,Arrows,Giant,Mini P.E.K.K.A,Minions,Musketeer,Skeleton Army,Sparky,Zap,0
633,Giant Snowball,Goblin Demolisher,Goblin Drill,Knight,Poison,Skeletons,Tesla,The Log,2
634,Bomber,Elite Barbarians,Golem,Knight,Night Witch,Phoenix,Void,Zap,196
635,Balloon,Fireball,Goblin Cage,Ice Golem,Inferno Dragon,Mega Minion,Miner,Zap,197
636,Cannon,Dart Goblin,Fire Spirit,Goblin Barrel,Ice Spirit,Rocket,Valkyrie,Wall Breakers,5
637,Dart Goblin,Goblin Gang,Mini P.E.K.K.A,Rascals,Skeleton Barrel,The Log,Vines,Wall Breakers,198
638,Dart Goblin,Electro Spirit,Fire Spirit,Mini P.E.K.K.A,Skeleton Army,Suspicious Bush,Vines,Wall Breakers,5
639,Barbarian Barrel,Dart Goblin,Fireball,Minions,Mortar,Skeleton Barrel,Skeletons,Valkyrie,2
640,Bomber,Fireball,Giant,Knight,Mega Minion,Prince,Rage,Zap,0
641,Bats,Goblin Gang,Inferno Dragon,Mega Knight,Miner,Skeleton Barrel,Spear Goblins,Zap,199
642,Archers,Barbarian Barrel,Electro Dragon,Golem,Mini P.E.K.K.A,Musketeer,Tornado,Zap,200
643,Arrows,Elixir Golem,Lightning,Night Witch,Rage,Skeleton King,Skeletons,Witch,21
644,Cannon,Goblins,Golden Knight,Ice Spirit,Miner,Rocket,Royal Delivery,The Log,2
645,Cannon,Electro Spirit,Firecracker,Guards,Hog Rider,Lightning,Mighty Miner,The Log,2
646,Berserker,Boss Bandit,Executioner,Giant Snowball,Goblin Gang,Ram Rider,Spirit Empress,Vines,201
647,Goblin Gang,Ice Golem,Miner,Minion Horde,Mortar,Skeleton Army,Spear Goblins,Zap,202
648,Bomb Tower,Fireball,Goblin Drill,Knight,Musketeer,Skeletons,The Log,Wall Breakers,203
649,Battle Ram,Elixir Collector,Ice Spirit,Knight,Miner,Mini P.E.K.K.A,Three Musketeers,Zap,204
650,Barbarian Barrel,Boss Bandit,Electro Spirit,Goblin Drill,Goblin Hut,Golden Knight,Musketeer,Poison,205
651,Goblin Demolisher,Goblin Drill,Goblin Hut,Knight,Magic Archer,Mini P.E.K.K.A,The Log,Tornado,2
652,Fire Spirit,Giant Snowball,Goblin Drill,Magic Archer,Mighty Miner,Skeletons,Tesla,The Log,2
653,Dark Prince,Elixir Collector,Giant,Heal Spirit,Mini P.E.K.K.A,Vines,Witch,Zap,0
654,Barbarian Barrel,Battle Ram,Boss Bandit,Cannon Cart,Heal Spirit,Lumberjack,Mother Witch,Royal Ghost,206
655,Barbarian Barrel,Goblin Hut,Miner,Minions,Poison,Skeleton Army,Skeleton King,Wall Breakers,8
656,Golden Knight,Miner,Mini P.E.K.K.A,Minion Horde,Mortar,Mother Witch,Skeleton Army,Vines,137
657,Arrows,Bowler,Giant,Giant Snowball,Graveyard,Minions,Musketeer,Skeleton Army,0
658,Arrows,Barbarian Barrel,Firecracker,Mega Knight,Miner,Minions,Prince,Wall Breakers,43
659,Berserker,Cannon,Dart Goblin,Fire Spirit,Goblin Barrel,Golden Knight,Ice Spirit,Wall Breakers,5
660,Bats,Goblin Gang,Ice Golem,Miner,Minion Horde,Mortar,Spear Goblins,Zap,202
661,Dart Goblin,Fire Spirit,Mini P.E.K.K.A,Skeleton Army,Skeleton Barrel,Skeleton King,Suspicious Bush,Vines,5
662,Barbarian Barrel,Battle Ram,Electro Wizard,Golden Knight,Magic Archer,Mini P.E.K.K.A,Skeletons,Zap,6
663,Berserker,Cannon,Dart Goblin,Royal Delivery,Suspicious Bush,The Log,Vines,Wall Breakers,19
664,Goblin Demolisher,Goblin Drill,Goblin Hut,Magic Archer,Skeletons,The Log,Tornado,Valkyrie,2
665,Barbarian Barrel,Battle Healer,Electro Dragon,Elixir Collector,Golem,Lumberjack,Musketeer,Tornado,16
666,Balloon,Earthquake,Electro Wizard,Executioner,Freeze,Lumberjack,P.E.K.K.A,Tornado,207
667,Barbarian Barrel,Cannon,Graveyard,Ice Spirit,Knight,Musketeer,Poison,Vines,23
668,Cannon,Dart Goblin,Electro Spirit,Goblin Barrel,Guards,Mighty Miner,The Log,Wall Breakers,208
669,Arrows,Dart Goblin,Golden Knight,Guards,Mighty Miner,Royal Recruits,Skeleton Barrel,Wall Breakers,9
670,Arrows,Balloon,Bats,Freeze,Giant Skeleton,Little Prince,Skeleton Army,Skeleton King,209
671,Barbarian Barrel,Battle Ram,Elixir Collector,Ice Golem,Minions,Royal Ghost,Three Musketeers,Vines,6
672,Electro Spirit,Firecracker,Hog Rider,Knight,Rocket,Skeletons,Tesla,The Log,2
673,Berserker,Cannon,Dart Goblin,Electro Spirit,Fireball,Royal Delivery,Suspicious Bush,Wall Breakers,19
674,Inferno Dragon,Knight,Lava Hound,Miner,Minions,Suspicious Bush,Tombstone,Zap,40
675,Dark Prince,Giant Snowball,Goblin Barrel,Golden Knight,Princess,Rascals,Skeletons,Wall Breakers,210
676,Baby Dragon,Clone,Flying Machine,Guards,Lava Hound,Lumberjack,Poison,Skeleton Army,172
677,Giant Snowball,Inferno Dragon,Lava Hound,Miner,Mini P.E.K.K.A,Minions,Poison,Valkyrie,211
678,Baby Dragon,Dark Prince,Lava Hound,Miner,Mini P.E.K.K.A,Minions,Tornado,Valkyrie,212
679,Arrows,Flying Machine,Goblin Cage,Knight,Lava Hound,Lightning,Skeleton Army,Skeleton Dragons,147
680,Bomber,Cannon,Fire Spirit,Giant Snowball,Goblin Drill,Knight,Poison,Skeletons,2
681,Arrows,Inferno Dragon,Lava Hound,Miner,Minion Horde,Minions,Valkyrie,Vines,40
682,Baby Dragon,Barbarian Barrel,Furnace,Golden Knight,Golem,Mini P.E.K.K.A,Vines,Zappies,20
683,Dart Goblin,Inferno Tower,Poison,Skeleton Army,Skeleton Barrel,Skeleton King,The Log,Wall Breakers,5
684,Executioner,Goblin Curse,Golem,Inferno Dragon,Miner,Night Witch,Skeleton King,Zap,21
685,Arrows,Elixir Golem,Golem,Inferno Dragon,Night Witch,Skeleton Army,Skeleton King,Vines,21
686,Arrows,Golden Knight,Knight,Miner,Minion Horde,Mortar,Mother Witch,Skeleton Army,137
687,Bowler,Furnace,Giant,Lightning,Little Prince,Tombstone,Vines,Zap,213
688,Balloon,Bomb Tower,Executioner,Giant Skeleton,Guards,Miner,Vines,Zap,214
689,Fireball,Giant,Guards,Inferno Dragon,Lumberjack,Mini P.E.K.K.A,Rage,Zap,0
690,Arrows,Barbarians,Hog Rider,Minion Horde,Minions,Royal Giant,Sparky,Zap,215
691,Arrows,Goblin Cage,Golem,Guards,Lightning,Mini P.E.K.K.A,Musketeer,Wizard,216
692,Arrows,Barbarian Barrel,Flying Machine,Musketeer,Royal Hogs,Royal Recruits,Skeleton Army,Tombstone,30
693,Archer Queen,Arrows,Bandit,Mega Knight,Minions,Prince,Wall Breakers,Zap,0
694,Goblin Giant,Knight,Mini P.E.K.K.A,Minions,Rage,Skeleton Army,Sparky,Zap,0
695,Cannon,Dark Prince,Ice Spirit,Miner,Rocket,Royal Delivery,Skeletons,The Log,2
696,Cannon,Goblinstein,Ice Spirit,Magic Archer,Miner,The Log,Tornado,Wall Breakers,2
697,Arrows,Balloon,Bats,Freeze,Giant Skeleton,Ice Wizard,Inferno Dragon,Skeleton Army,209
698,Archer Queen,Goblin Curse,Guards,Rage,Skeleton Army,Skeleton Barrel,Skeleton King,Suspicious Bush,217
699,Arrows,Balloon,Freeze,Giant,Minions,Musketeer,Skeleton Army,Tombstone,1
700,Arrows,Barbarians,Bats,Giant,Mini P.E.K.K.A,Minion Horde,Sparky,Zap,0
701,Archers,Arrows,Balloon,Bats,Freeze,Giant,Minions,Skeleton Army,1
702,Boss Bandit,Executioner,Giant Snowball,Goblin Demolisher,Guards,Mini P.E.K.K.A,Ram Rider,Vines,27
703,Goblin Demolisher,Goblin Drill,Knight,Magic Archer,Skeletons,Tesla,The Log,Tornado,2
704,Barbarian Barrel,Boss Bandit,Executioner,Furnace,Giant Snowball,Mini P.E.K.K.A,Ram Rider,Vines,27
705,Dart Goblin,Fire Spirit,Mini P.E.K.K.A,Princess,Skeleton Army,Skeleton Barrel,Skeleton King,Suspicious Bush,5
706,Arrows,Barbarian Barrel,Electro Spirit,Flying Machine,Goblin Cage,Musketeer,Royal Hogs,Royal Recruits,30
707,Fireball,Lava Hound,Minions,Skeleton Army,Spirit Empress,Tombstone,Valkyrie,Vines,40
708,Fireball,Giant,Knight,Mini P.E.K.K.A,Sparky,Tornado,Wizard,Zap,0
709,Arrows,Goblin Barrel,Goblin Gang,Golden Knight,Magic Archer,Musketeer,P.E.K.K.A,Rocket,218
710,Arrows,Battle Ram,Electro Wizard,Golden Knight,Mini P.E.K.K.A,Mother Witch,P.E.K.K.A,Royal Ghost,6
711,Arrows,Giant,Guards,Hunter,Inferno Dragon,Miner,Mini P.E.K.K.A,Zap,123
712,Electro Spirit,Fire Spirit,Knight,Rocket,Skeletons,Tesla,The Log,X-Bow,2
713,Archers,Fireball,Ice Spirit,Knight,Skeletons,Tesla,The Log,X-Bow,2
714,Balloon,Giant Skeleton,Hunter,Ice Golem,Miner,Minions,Vines,Zap,219
715,Bomber,Bowler,Giant,Giant Snowball,Graveyard,Minions,Musketeer,Vines,0
716,Bomber,Fire Spirit,Fireball,Giant Snowball,Goblin Drill,Knight,Skeletons,Tesla,2
717,Bomber,Fireball,Giant,Heal Spirit,Lumberjack,Mega Minion,Mini P.E.K.K.A,Rage,0
718,Executioner,Fire Spirit,Golden Knight,Graveyard,Inferno Dragon,Skeletons,Tornado,Vines,220
719,Knight,Mortar,Musketeer,Rocket,Royal Delivery,Skeleton Barrel,Skeletons,The Log,2
720,Berserker,Dart Goblin,Fire Spirit,Goblin Barrel,Ice Spirit,Skeleton Army,The Log,Wall Breakers,5
721,Ice Wizard,Mirror,Poison,Rocket,Skeletons,Tesla,The Log,Valkyrie,2
722,Barbarian Barrel,Flying Machine,Furnace,Goblin Hut,Mini P.E.K.K.A,Royal Recruits,Vines,Zap,221
723,Cannon Cart,Goblin Barrel,Goblin Gang,Knight,Prince,Rascals,Rocket,The Log,5
724,Arrows,Barbarians,Battle Healer,Electro Dragon,Elixir Golem,Fireball,Inferno Dragon,Rage,31
725,Barbarian Barrel,Golden Knight,Heal Spirit,Hunter,Ice Golem,Royal Ghost,Royal Hogs,Three Musketeers,6
726,Battle Ram,Electro Wizard,Fireball,Golden Knight,Magic Archer,Mini P.E.K.K.A,P.E.K.K.A,Zap,6
727,Balloon,Bomb Tower,Executioner,Guards,Miner,Monk,Tornado,Zap,214
728,Elixir Golem,Executioner,Goblin Curse,Lightning,Night Witch,Skeleton Army,Skeleton King,Vines,21
729,Arrows,Guards,Inferno Tower,Lightning,P.E.K.K.A,Ram Rider,Wizard,Zap,222
730,Balloon,Barbarian Barrel,Bats,Giant Snowball,Ice Golem,Lumberjack,Vines,Wizard,223
731,Golden Knight,Knight,Miner,Minion Horde,Mortar,Mother Witch,Skeleton Army,Vines,137
732,Barbarian Barrel,Fireball,Mini P.E.K.K.A,Minions,Mortar,Musketeer,Skeleton Barrel,Skeletons,2
733,Arrows,Elixir Golem,Night Witch,Rage,Skeleton Army,Skeleton King,Void,Wizard,21
734,Miner,Musketeer,Poison,Royal Ghost,Skeletons,Tesla,The Log,Wall Breakers,2
735,Arrows,Bowler,Giant,Giant Snowball,Graveyard,Mega Minion,Mini P.E.K.K.A,Witch,0
736,Giant,Mini P.E.K.K.A,Minions,Rage,Skeleton Army,Sparky,Vines,Wizard,0
737,Bandit,Fireball,Mega Knight,Mini P.E.K.K.A,Minions,Musketeer,Wall Breakers,Zap,0
738,Arrows,Barbarian Barrel,Cannon Cart,Flying Machine,Goblin Cage,Royal Hogs,Royal Recruits,Zappies,30
739,Arrows,Battle Ram,Cannon Cart,Golden Knight,Heal Spirit,Mini P.E.K.K.A,Musketeer,Royal Ghost,6
740,Arrows,Fireball,Guards,Mighty Miner,Minions,Royal Recruits,Skeleton Barrel,Wall Breakers,9
741,Electro Spirit,Firecracker,Guards,Hog Rider,Lightning,Tesla,The Log,Valkyrie,2
742,Arrows,Giant,Lumberjack,Mini P.E.K.K.A,Minions,Prince,Vines,Witch,224
743,Arrows,Battle Ram,Golden Knight,Heal Spirit,Lumberjack,Musketeer,P.E.K.K.A,Royal Ghost,6
744,Baby Dragon,Barbarian Barrel,Dark Prince,Goblin Cage,Golem,Ice Wizard,Lightning,Tornado,3
745,Bandit,Battle Ram,Fireball,Magic Archer,P.E.K.K.A,Royal Ghost,Three Musketeers,Zap,6
746,Arrows,Dark Prince,Giant,Heal Spirit,Mini P.E.K.K.A,Vines,Witch,Zap,0
747,Baby Dragon,Battle Healer,Electro Dragon,Elixir Collector,Elixir Golem,Heal Spirit,Mini P.E.K.K.A,Tornado,16
748,Bats,Dark Prince,Electro Wizard,Giant,Mini P.E.K.K.A,Rage,Sparky,Zap,0
749,Dart Goblin,Fireball,Knight,Minions,Mortar,Skeleton Barrel,Skeletons,The Log,2
750,Arrows,Giant,Graveyard,Mini P.E.K.K.A,Skeleton Army,Sparky,Wizard,Zappies,0
751,Barbarian Barrel,Goblin Cage,Graveyard,Ice Wizard,Knight,Poison,Skeletons,Witch,28
752,Berserker,Cannon,Dart Goblin,Goblin Barrel,Ice Spirit,Lava Hound,Valkyrie,Wall Breakers,5
753,Arrows,Electro Wizard,Executioner,Freeze,Knight,Mini P.E.K.K.A,P.E.K.K.A,Tornado,225
754,Dart Goblin,Ice Spirit,Lava Hound,Skeleton Army,Skeleton Barrel,Skeleton King,Suspicious Bush,Vines,5
755,Earthquake,Electro Spirit,Firecracker,Goblin Hut,Hog Rider,Knight,Skeletons,The Log,2
756,Goblin Drill,Ice Spirit,Knight,Magic Archer,Skeletons,Tesla,The Log,Tornado,2
757,Bomber,Electro Spirit,Knight,Rocket,Royal Delivery,Tesla,The Log,X-Bow,2
758,Elixir Collector,Giant,Mini P.E.K.K.A,Minions,Rage,Skeleton Army,Sparky,Zap,0
759,Barbarian Barrel,Bomber,Giant Snowball,Goblin Drill,Goblins,Ice Spirit,Knight,Rocket,226
760,Earthquake,Firecracker,Hog Rider,Ice Spirit,Skeletons,Tesla,The Log,Valkyrie,2
761,Electro Wizard,Hog Rider,Inferno Dragon,Mega Knight,Minions,Mother Witch,Poison,The Log,227
762,Arrows,Bomber,Clone,Golem,Mega Minion,Mini P.E.K.K.A,Night Witch,Skeleton Dragons,228
763,Hog Rider,Inferno Dragon,Mega Knight,Minions,Mother Witch,Musketeer,Poison,The Log,227
764,Arrows,Bandit,Battle Ram,Electro Wizard,Minions,P.E.K.K.A,Royal Ghost,Zap,6
765,Battle Ram,Golden Knight,Musketeer,Royal Recruits,Skeletons,Three Musketeers,Vines,Zap,229
766,Arrows,Baby Dragon,Inferno Dragon,Lava Hound,Miner,Minions,Skeleton Army,Vines,40
767,Barbarian Barrel,Knight,Minions,Mortar,Musketeer,Skeleton Barrel,Skeletons,Vines,2
768,Berserker,Cannon,Dart Goblin,Electro Spirit,Royal Delivery,Suspicious Bush,Vines,Wall Breakers,19
769,Arrows,Baby Dragon,Lava Hound,Miner,Minion Horde,Minions,Valkyrie,Vines,40
770,Berserker,Cannon,Furnace,Goblin Drill,Mighty Miner,Poison,Skeletons,The Log,2
771,Cannon,Electro Spirit,Hog Rider,Knight,Lightning,Musketeer,Skeletons,The Log,2
772,Archer Queen,Cannon,Fireball,Ice Spirit,Royal Delivery,Royal Hogs,Skeletons,The Log,2
773,Balloon,Fireball,Inferno Dragon,Knight,Lava Hound,Skeleton Dragons,Tombstone,Zap,40
774,Berserker,Cannon,Dart Goblin,Electro Spirit,Giant Snowball,Suspicious Bush,Vines,Wall Breakers,19
775,Dark Prince,Goblin Giant,Mini P.E.K.K.A,Minions,Musketeer,Sparky,Vines,Zap,0
776,Baby Dragon,Barbarian Barrel,Battle Healer,Electro Dragon,Elixir Collector,Elixir Golem,Mini P.E.K.K.A,Tornado,16
777,Arrows,Elixir Collector,Giant,Inferno Dragon,Monk,Night Witch,Rage,Skeleton Army,230
778,Earthquake,Firecracker,Hog Rider,Ice Spirit,Mighty Miner,Skeletons,Tesla,The Log,2
779,Bomb Tower,Earthquake,Firecracker,Goblins,Hog Rider,Ice Spirit,Knight,The Log,2
780,Bomber,Dark Prince,Giant,Lightning,Lumberjack,Mega Minion,Prince,Zap,0
781,Electro Giant,Golden Knight,Minions,Ram Rider,Royal Ghost,Tornado,Wizard,Zap,231
782,Barbarian Barrel,Executioner,Fire Spirit,Goblin Cage,Golden Knight,Graveyard,Tornado,Vines,220
783,Arrows,Boss Bandit,Dart Goblin,Furnace,Lightning,Mega Knight,Mini P.E.K.K.A,Skeletons,232
784,Arrows,Bats,Elixir Collector,Knight,Minion Horde,Skeleton Army,Skeleton King,Three Musketeers,66
785,Arrows,Battle Ram,Cannon Cart,Golden Knight,Guards,Mini P.E.K.K.A,Mother Witch,Royal Ghost,6
786,Dart Goblin,Goblin Barrel,Golden Knight,Guards,Inferno Tower,Royal Delivery,Skeleton Barrel,The Log,233
787,Cannon,Electro Spirit,Firecracker,Goblin Drill,Guards,Mini P.E.K.K.A,Poison,The Log,234
788,Arrows,Baby Dragon,Giant,Minions,Prince,Rage,Skeleton Army,Sparky,235
789,Barbarian Barrel,Dart Goblin,Goblin Hut,Rascals,Royal Ghost,Skeleton Barrel,Vines,Wall Breakers,18
790,Barbarian Barrel,Fisherman,Giant Snowball,Golem,Guards,Hunter,Poison,Valkyrie,236
791,Barbarian Barrel,Goblin Hut,Graveyard,Ice Spirit,Knight,Musketeer,Poison,Skeletons,23
792,Barbarians,Battle Healer,Bomber,Electro Dragon,Elixir Collector,Giant,Goblinstein,Tornado,237
793,Boss Bandit,Cannon Cart,Electro Wizard,Golden Knight,Heal Spirit,Mother Witch,Royal Ghost,Zap,6
794,Bomb Tower,Fireball,Goblinstein,Magic Archer,Miner,Skeletons,Tornado,Wall Breakers,2
795,Barbarian Barrel,Boss Bandit,Executioner,Giant Snowball,Golden Knight,Guards,Ram Rider,Vines,27
796,Arrows,Cannon,Earthquake,Giant,Knight,Minion Horde,Mirror,Spear Goblins,238
797,Bowler,Giant,Giant Snowball,Graveyard,Mini P.E.K.K.A,Minions,Vines,Witch,0
798,Arrows,Barbarian Barrel,Flying Machine,Goblin Cage,Golden Knight,Royal Hogs,Royal Recruits,Zappies,30
799,Bomber,Cannon,Earthquake,Electro Giant,Golden Knight,Inferno Dragon,Skeletons,Tornado,239
800,Arrows,Barbarian Barrel,Fireball,Goblin Cage,Musketeer,Royal Hogs,Royal Recruits,Zappies,30
801,Balloon,Barbarian Barrel,Giant Snowball,Ice Golem,Ice Spirit,Lumberjack,Minions,Musketeer,159
802,Bomb Tower,Knight,Magic Archer,Miner,Royal Delivery,Skeletons,Tornado,Wall Breakers,2
803,Cannon,Dart Goblin,Goblin Barrel,Goblin Gang,Ice Spirit,Knight,Princess,The Log,5
804,Arrows,Golem,Miner,Mini P.E.K.K.A,Minions,Night Witch,Skeleton Army,Zap,240
805,Battle Healer,Giant,Heal Spirit,Mini P.E.K.K.A,Rage,Skeletons,Vines,Witch,241
806,Barbarian Barrel,Executioner,Fisherman,Golem,Knight,Lumberjack,Vines,Zappies,242
807,Baby Dragon,Electro Wizard,Fisherman,Giant Skeleton,Goblin Cage,Poison,Royal Giant,Vines,243
808,Dart Goblin,Fireball,Goblin Barrel,Goblin Gang,Ice Spirit,Mini P.E.K.K.A,Skeleton Barrel,The Log,244
809,Barbarian Barrel,Electro Spirit,Giant Skeleton,Ice Wizard,Lightning,Lumberjack,Phoenix,Royal Giant,245
810,Bomber,Cannon,Fire Spirit,Goblin Drill,Knight,Rocket,Skeletons,The Log,2
811,Barbarian Barrel,Earthquake,Goblin Hut,Ice Wizard,Mighty Miner,Minions,Royal Ghost,Royal Hogs,246
812,Cannon,Fire Spirit,Giant Snowball,Goblin Demolisher,Goblin Drill,Mighty Miner,Poison,Skeletons,2
813,Battle Healer,Electro Spirit,Fisherman,Monk,Mother Witch,Royal Ghost,Skeleton Army,Zappies,247
814,Cannon,Dart Goblin,Goblin Barrel,Ice Spirit,Princess,Skeletons,The Log,Valkyrie,5
815,Dark Prince,Earthquake,Elixir Collector,Giant,Mini P.E.K.K.A,Rage,Witch,Zap,0
816,Dark Prince,Electro Dragon,Fireball,Giant,Miner,Phoenix,Prince,Zap,248
817,Barbarian Barrel,Goblin Cage,Goblinstein,Graveyard,Guards,Musketeer,Poison,Valkyrie,28
818,Giant,Goblin Curse,Heal Spirit,Lumberjack,Mini P.E.K.K.A,Rage,Witch,Zap,0
819,Elixir Collector,Giant,Heal Spirit,Lumberjack,Mini P.E.K.K.A,Rage,Witch,Zap,0
820,Bowler,Giant,Giant Snowball,Graveyard,Mini P.E.K.K.A,Vines,Witch,Zappies,0
821,Arrows,Battle Ram,Golden Knight,Minions,Musketeer,P.E.K.K.A,Royal Ghost,Zap,6
822,Battle Ram,Electro Wizard,Fireball,Knight,Minions,P.E.K.K.A,Royal Ghost,Zap,6
823,Bandit,Barbarian Barrel,Bats,Mega Knight,Miner,Musketeer,Wall Breakers,Zap,0
824,Baby Dragon,Golem,Mini P.E.K.K.A,Minions,Night Witch,Skeleton Army,Tornado,Vines,60
825,Arrows,Battle Ram,Electro Wizard,Golden Knight,Heal Spirit,Lumberjack,Mini P.E.K.K.A,Mother Witch,6
826,Battle Healer,Fisherman,Hunter,Lightning,Minion Horde,The Log,Wall Breakers,Witch,249
827,Arrows,Electro Spirit,Fireball,Flying Machine,Musketeer,Royal Hogs,Royal Recruits,Tombstone,30
828,Arrows,Barbarian Barrel,Flying Machine,Musketeer,Royal Hogs,Royal Recruits,Tombstone,Zappies,30
829,Arrows,Barbarian Barrel,Flying Machine,Goblin Hut,Ice Wizard,Royal Hogs,Royal Recruits,Skeleton Army,30
830,Arrows,Electro Spirit,Flying Machine,Goblin Cage,Mother Witch,Royal Hogs,Royal Recruits,Zappies,30
831,Arrows,Barbarian Barrel,Flying Machine,Mother Witch,Royal Hogs,Royal Recruits,Tombstone,Zappies,30
832,Arrows,Electro Spirit,Flying Machine,Goblin Cage,Royal Hogs,Royal Recruits,Void,Zappies,30
833,Arrows,Electro Spirit,Fireball,Goblin Hut,Mini P.E.K.K.A,Musketeer,Royal Ghost,Royal Hogs,30
834,Barbarian Barrel,Bomb Tower,Dart Goblin,Rocket,Royal Ghost,Skeleton Barrel,Skeletons,Wall Breakers,18
835,Arrows,Electro Spirit,Fireball,Flying Machine,Goblin Hut,Mini P.E.K.K.A,Royal Hogs,Royal Recruits,30
836,Arrows,Barbarian Barrel,Flying Machine,Goblin Cage,Ice Wizard,Mini P.E.K.K.A,Royal Hogs,Royal Recruits,30
837,Electro Spirit,Fisherman,Guards,Hunter,Monk,Rage,Royal Giant,The Log,12
838,Arrows,Balloon,Guards,Inferno Dragon,Lava Hound,Miner,Skeleton Dragons,Valkyrie,40
839,Arrows,Barbarian Barrel,Flying Machine,Goblin Hut,Ice Wizard,Mini P.E.K.K.A,Royal Hogs,Royal Recruits,30
840,Arrows,Electro Spirit,Flying Machine,Goblin Hut,Ice Wizard,Mini P.E.K.K.A,Royal Hogs,Royal Recruits,30
841,Battle Ram,Goblin Gang,Hunter,Minion Horde,Monk,Rage,Royal Ghost,Three Musketeers,250
842,Arrows,Barbarian Barrel,Electro Spirit,Flying Machine,Mini P.E.K.K.A,Musketeer,Royal Hogs,Royal Recruits,30
843,Bowler,Electro Spirit,Goblin Drill,Mirror,Royal Delivery,Skeletons,Tesla,Tornado,251
844,Arrows,Battle Ram,Boss Bandit,Electro Wizard,Magic Archer,P.E.K.K.A,Royal Ghost,Zap,6
845,Electro Spirit,Fireball,Fisherman,Monk,Musketeer,Royal Giant,Skeletons,The Log,12
846,Arrows,Bats,Boss Bandit,Goblin Demolisher,Goblin Gang,Ice Wizard,Miner,Mortar,252
847,Giant Skeleton,Giant Snowball,Goblin Drill,Knight,Magic Archer,Royal Ghost,The Log,Zappies,253
848,Boss Bandit,Dart Goblin,Goblin Barrel,Golden Knight,Ice Spirit,Skeleton Army,Suspicious Bush,Vines,5
849,Electro Spirit,Fisherman,Goblins,Hunter,Lightning,Monk,Royal Giant,The Log,12
850,Elixir Collector,Heal Spirit,Hunter,Ice Golem,Mini P.E.K.K.A,Royal Ghost,Royal Hogs,Three Musketeers,6
851,Archer Queen,Cannon,Earthquake,Ice Spirit,Mini P.E.K.K.A,Royal Hogs,Skeletons,The Log,2
852,Barbarian Barrel,Bomb Tower,Dart Goblin,Rascals,Rocket,Royal Ghost,Skeleton Barrel,Suspicious Bush,18
853,Barbarian Barrel,Electro Spirit,Firecracker,Goblins,Hog Rider,Lightning,Mighty Miner,Tesla,2
854,Electro Giant,Goblin Cage,Golden Knight,Guards,Inferno Dragon,Lightning,Mother Witch,Tornado,254
855,Archer Queen,Barbarian Barrel,Cannon,Earthquake,Ice Spirit,Royal Delivery,Royal Hogs,Skeletons,2
856,Mega Knight,Miner,Mini P.E.K.K.A,Minions,Musketeer,Royal Ghost,Wall Breakers,Zap,0
857,Fire Spirit,Giant Snowball,Goblin Demolisher,Goblin Drill,Goblins,Knight,Poison,Tesla,2
858,Berserker,Electro Spirit,Firecracker,Hog Rider,Knight,Lightning,Tesla,The Log,2
859,Dark Prince,Guards,Ice Spirit,Miner,Rocket,Royal Delivery,Tesla,The Log,2
860,Archer Queen,Earthquake,Guards,Hog Rider,Ice Spirit,Knight,Tesla,The Log,2
861,Giant Snowball,Goblin Drill,Golden Knight,Magic Archer,Mega Knight,Royal Ghost,Tornado,Zappies,91
862,Battle Ram,Boss Bandit,Heal Spirit,Mini P.E.K.K.A,Mother Witch,Royal Ghost,Zap,Zappies,6
863,Arrows,Dark Prince,Giant,Lumberjack,Mega Minion,Miner,Vines,Witch,255
864,Baby Dragon,Cannon,Dark Prince,Electro Giant,Electro Spirit,Golden Knight,Lightning,Tornado,256
865,Barbarian Barrel,Berserker,Cannon,Graveyard,Musketeer,Poison,Valkyrie,Vines,23
866,Boss Bandit,Dart Goblin,Fire Spirit,Giant Snowball,Goblin Barrel,Goblin Gang,Princess,Tesla,257
867,Fire Spirit,Fireball,Giant Snowball,Goblin Demolisher,Goblin Drill,Knight,Skeletons,Tesla,2
868,Arrows,Giant,Graveyard,Mini P.E.K.K.A,Minions,Musketeer,Skeleton Army,Zap,0
869,Arrows,Baby Dragon,Flying Machine,Goblin Cage,Lava Hound,Lightning,Skeletons,Valkyrie,258
870,Barbarian Barrel,Golden Knight,Hog Rider,Magic Archer,Mega Knight,Royal Ghost,Tornado,Zappies,91
871,Electro Spirit,Fireball,Giant Snowball,Goblin Demolisher,Goblin Drill,Guards,Knight,Tesla,2
872,Archers,Fireball,Ice Golem,Ice Spirit,Skeletons,Tesla,The Log,X-Bow,2
873,Electro Spirit,Goblin Barrel,Goblin Gang,Knight,Princess,Rocket,Tesla,The Log,5
874,Giant Snowball,Goblin Gang,Miner,Minion Horde,Mortar,Rascals,Skeleton Barrel,Spear Goblins,259
875,Ice Spirit,Knight,Miner,Musketeer,Rocket,Skeletons,Tesla,The Log,2
876,Arrows,Bandit,Mega Knight,Minions,Musketeer,Prince,Wall Breakers,Zap,0
877,Bomber,Giant,Goblin Curse,Heal Spirit,Mini P.E.K.K.A,Minions,Rage,Witch,0
878,Arrows,Bats,Dart Goblin,Electro Wizard,Goblin Gang,Magic Archer,Mega Knight,Valkyrie,260
879,Giant,Goblin Curse,Goblin Gang,Heal Spirit,Mini P.E.K.K.A,Minions,Rage,Witch,0
880,Fireball,Goblin Cage,Hog Rider,Ice Spirit,Inferno Dragon,Mini P.E.K.K.A,The Log,Witch,261
881,Arrows,Executioner,Goblin Gang,Mega Knight,Mini P.E.K.K.A,Prince,Sparky,Wizard,262
882,Giant,Goblin Gang,Heal Spirit,Mini P.E.K.K.A,Minions,Rage,Witch,Zap,0
883,Dart Goblin,Freeze,Heal Spirit,Hunter,Rascals,Tornado,Valkyrie,X-Bow,263
884,Arrows,Bandit,Bats,Firecracker,Lightning,Mega Knight,P.E.K.K.A,Skeleton Barrel,264
885,Fireball,Ice Golem,Inferno Tower,Knight,Musketeer,Ram Rider,Skeleton Army,Zap,265
886,Knight,Miner,Minions,Poison,Skeletons,Tesla,The Log,Wall Breakers,2
887,Berserker,Cannon,Earthquake,Mega Minion,Miner,The Log,Tornado,Wall Breakers,2
888,Berserker,Bomber,Cannon,Giant Snowball,Goblin Drill,Rocket,Skeletons,The Log,2
889,Bomber,Fire Spirit,Giant Snowball,Goblin Drill,Knight,Rocket,Skeletons,Tesla,2
890,Bandit,Battle Ram,Electro Wizard,Knight,Magic Archer,P.E.K.K.A,Vines,Zap,6
891,Arrows,Bandit,Elite Barbarians,Giant,Guards,Hunter,Inferno Dragon,Rocket,266
892,Bandit,Battle Ram,Electro Wizard,Fireball,Knight,Magic Archer,P.E.K.K.A,Zap,6
893,Arrows,Electro Dragon,Elite Barbarians,Golem,Lumberjack,Mini P.E.K.K.A,Musketeer,Night Witch,267
894,Arrows,Elite Barbarians,Elixir Golem,Flying Machine,Ice Wizard,Lightning,Valkyrie,Witch,268
895,Fireball,Mega Knight,Mini P.E.K.K.A,Royal Ghost,Skeletons,Spirit Empress,The Log,Wizard,269
896,Battle Healer,Dark Prince,Giant,Mini P.E.K.K.A,Mirror,Rage,Sparky,Tornado,270
897,Archers,Boss Bandit,Dart Goblin,Goblin Curse,Goblin Gang,Knight,Rage,Suspicious Bush,271
898,Electro Spirit,Executioner,Goblin Curse,Goblinstein,Mini P.E.K.K.A,Rage,Royal Ghost,Skeletons,272
899,Baby Dragon,Boss Bandit,Goblin Curse,Guards,Heal Spirit,Ram Rider,Royal Ghost,Vines,273
900,Barbarian Barrel,Bowler,Hog Rider,Inferno Dragon,Knight,Mini P.E.K.K.A,Skeletons,Tornado,274
901,Cannon,Fire Spirit,Giant Snowball,Goblin Drill,Knight,Musketeer,Poison,Skeletons,2
902,Archer Queen,Battle Ram,Clone,Elixir Collector,Goblin Curse,Goblin Drill,Golden Knight,Tornado,275
903,Arrows,Cannon,Earthquake,Electro Dragon,Furnace,Hog Rider,Mini P.E.K.K.A,Royal Recruits,276
904,Dark Prince,Fireball,Mother Witch,Royal Giant,Skeleton Army,Skeleton King,The Log,Zappies,277
905,Berserker,Executioner,Fireball,Giant,Mega Minion,Mini P.E.K.K.A,Royal Ghost,Void,278
906,Arrows,Battle Ram,Berserker,Boss Bandit,Magic Archer,Musketeer,Royal Ghost,Vines,279
907,Boss Bandit,Dart Goblin,Goblin Barrel,Ice Spirit,Skeleton Barrel,Skeletons,Suspicious Bush,The Log,280
908,Cannon Cart,Clone,Giant Skeleton,Mother Witch,Skeleton Barrel,Skeletons,Tornado,Zappies,281
909,Earthquake,Firecracker,Hog Rider,Skeletons,Tesla,The Log,Valkyrie,Vines,2
910,Bats,Clone,Dart Goblin,Electro Spirit,Giant Skeleton,Skeleton Army,Skeleton Barrel,The Log,282
911,Arrows,Bomber,Giant,Lumberjack,Mini P.E.K.K.A,Minions,Musketeer,Rage,0
912,Baby Dragon,Elite Barbarians,Hog Rider,Minion Horde,Musketeer,Skeleton Army,The Log,Zap,283
913,Baby Dragon,Elixir Collector,Fireball,Knight,Mirror,P.E.K.K.A,Skeleton Army,Witch,284
914,Arrows,Barbarian Barrel,Knight,Minions,Mortar,Musketeer,Skeleton Barrel,Skeletons,2
915,Arrows,Cannon Cart,Giant Snowball,Goblin Gang,Graveyard,Knight,Mortar,Musketeer,2
916,Cannon,Firecracker,Giant Snowball,Goblin Drill,Lightning,Monk,Skeletons,The Log,285
917,Fire Spirit,Giant Snowball,Goblin Demolisher,Goblin Drill,Poison,Skeletons,Tesla,Valkyrie,2
918,Arrows,Barbarian Barrel,Cannon,Earthquake,Hog Rider,Mighty Miner,Mother Witch,Skeletons,2
919,Arrows,Bomber,Cannon,Electro Spirit,Knight,Lava Hound,The Log,Vines,286
920,Barbarian Barrel,Lightning,Miner,Minion Horde,Monk,Musketeer,Skeleton Army,Skeleton Barrel,287
921,Bomber,Boss Bandit,Fire Spirit,Giant Snowball,Goblin Drill,Poison,Skeletons,Tesla,2
922,Archers,Arrows,Fireball,Giant,Knight,Mini P.E.K.K.A,Minions,Musketeer,288
923,Bomber,Giant,Lightning,Lumberjack,Mega Minion,Prince,Rage,Zap,0
924,Barbarian Barrel,Cannon,Earthquake,Electro Spirit,Mother Witch,Royal Hogs,The Log,Valkyrie,289
925,Arrows,Bomb Tower,Electro Spirit,Executioner,Hog Rider,Rocket,Skeletons,Valkyrie,290
926,Archers,Arrows,Barbarians,Bowler,Giant,Giant Snowball,Graveyard,Witch,0
927,Barbarian Barrel,Electro Spirit,Fireball,Fisherman,Hunter,Mini P.E.K.K.A,Royal Giant,Skeletons,12
928,Archers,Arrows,Barbarians,Bowler,Giant,Giant Snowball,Graveyard,Night Witch,0
929,Arrows,Bowler,Giant,Giant Snowball,Graveyard,Mini P.E.K.K.A,Musketeer,Witch,0
930,Ice Golem,Miner,Mini P.E.K.K.A,Poison,Skeleton Barrel,Skeletons,Tesla,The Log,291
931,Guards,Mega Knight,Miner,Minions,Musketeer,Prince,Wall Breakers,Zap,0
932,Arrows,Bowler,Fisherman,Giant,Graveyard,Minions,Skeleton Army,Witch,0
933,Baby Dragon,Barbarian Barrel,Bowler,Electro Giant,Goblin Cage,Golden Knight,Lightning,Tornado,3
934,Goblin Barrel,Hog Rider,Mega Knight,Minions,Princess,Skeleton Army,Valkyrie,Zap,292
935,Cannon,Dart Goblin,Ice Golem,Ice Spirit,Miner,Skeletons,The Log,Wall Breakers,293
936,Golden Knight,Ice Spirit,Ice Wizard,Miner,Rocket,Skeletons,Tesla,The Log,2
937,Electro Spirit,Goblin Hut,Lightning,Musketeer,Royal Delivery,Royal Ghost,Royal Hogs,Skeletons,38
938,Electro Spirit,Elixir Collector,Fire Spirit,Ice Spirit,Musketeer,Skeletons,Valkyrie,X-Bow,2
939,Baby Dragon,Barbarian Barrel,Bowler,Electro Giant,Goblin Hut,Knight,Lightning,Tornado,3
940,Arrows,Giant,Mini P.E.K.K.A,Royal Ghost,Skeleton Army,Skeleton Dragons,Sparky,Wizard,0
941,Arrows,Dark Prince,Giant,Mini P.E.K.K.A,Rage,Skeleton Army,Sparky,Wizard,0
942,Hog Rider,Ice Spirit,Lightning,Mighty Miner,Musketeer,Skeletons,Tesla,The Log,2
943,Barbarian Barrel,Fireball,Minions,Monk,Mortar,Musketeer,Skeleton Barrel,Skeletons,2
944,Arrows,Firecracker,Giant Snowball,Goblin Gang,Hog Rider,Mega Knight,Prince,Wizard,294
945,Dart Goblin,Firecracker,Guards,Mega Knight,Mini P.E.K.K.A,Valkyrie,Witch,Wizard,295
946,Bomb Tower,Dart Goblin,Fireball,Goblin Demolisher,Golden Knight,Knight,Prince,Wall Breakers,296
947,Arrows,Elite Barbarians,Fireball,Lightning,Mega Knight,Prince,Rocket,Sparky,297
948,Fireball,Goblin Barrel,Hunter,Knight,Magic Archer,Mortar,Skeletons,The Log,298
949,Dart Goblin,Fireball,Goblin Barrel,Hog Rider,Knight,Tesla,The Log,Witch,299
950,Arrows,Firecracker,Knight,Mega Knight,Mini P.E.K.K.A,Musketeer,Tesla,Valkyrie,300
951,Goblin Gang,Hog Rider,Ice Spirit,Ice Wizard,Tesla,The Log,Valkyrie,Witch,301
952,Balloon,Elite Barbarians,Fireball,Minion Horde,Rage,Skeleton Army,Valkyrie,Wizard,302
953,Baby Dragon,Balloon,Lumberjack,Mega Knight,Minions,Skeleton Army,Valkyrie,Wizard,303
954,Balloon,Fireball,Lumberjack,Princess,Skeleton Army,The Log,Valkyrie,Wizard,304
955,Arrows,Bats,Goblinstein,Knight,Mega Knight,Royal Hogs,Skeleton Army,Skeleton Barrel,305
956,Baby Dragon,Golem,Lightning,Lumberjack,Mega Minion,Mini P.E.K.K.A,The Log,Tornado,100
957,Electro Wizard,Executioner,Fireball,Inferno Dragon,Mini P.E.K.K.A,P.E.K.K.A,The Log,Zap,306
958,Arrows,Bomber,Firecracker,Guards,Mega Knight,P.E.K.K.A,Royal Hogs,Wizard,307
959,Barbarian Barrel,Furnace,Goblin Hut,Graveyard,Knight,Poison,Vines,Witch,23
960,Bats,Boss Bandit,Firecracker,Mini P.E.K.K.A,Mother Witch,Skeleton Barrel,Skeletons,Wall Breakers,308
961,Archers,Arrows,Giant,Hog Rider,Tesla,The Log,Valkyrie,Witch,309
962,Arrows,Electro Wizard,Hog Rider,Inferno Dragon,Lumberjack,Skeleton Army,Valkyrie,Witch,310
963,Arrows,Baby Dragon,Firecracker,Mini P.E.K.K.A,Rascals,Royal Recruits,Sparky,Wizard,311
964,Berserker,Cannon,Fire Spirit,Giant Snowball,Goblin Demolisher,Goblin Drill,Poison,Skeletons,2
965,Arrows,Battle Ram,Cannon Cart,Golden Knight,Guards,Magic Archer,Mini P.E.K.K.A,Royal Ghost,6
966,Arrows,Bomber,Fisherman,Goblin Giant,Heal Spirit,P.E.K.K.A,Rage,Skeletons,4
967,Cannon,Earthquake,Firecracker,Hog Rider,Ice Spirit,Monk,Skeletons,The Log,2
968,Barbarian Barrel,Electro Spirit,Fisherman,Monk,Musketeer,Royal Giant,Skeleton Army,Vines,312
969,Arrows,Barbarian Barrel,Electro Spirit,Fireball,Flying Machine,Goblin Cage,Royal Hogs,Royal Recruits,30
970,Fire Spirit,Giant Snowball,Heal Spirit,Mirror,Monk,Skeleton Army,Skeletons,Zap,313
971,Balloon,Inferno Dragon,Lumberjack,Mega Knight,Minions,Musketeer,Skeleton Army,The Log,314
972,Battle Healer,Electro Dragon,Elixir Collector,Golem,Lumberjack,Mini P.E.K.K.A,Skeleton Dragons,Tornado,16
973,Barbarian Barrel,Cannon Cart,Goblinstein,Guards,Lightning,Minions,Mortar,Skeleton Barrel,24
974,Cannon,Dart Goblin,Electro Spirit,Fire Spirit,Fireball,Suspicious Bush,Valkyrie,Wall Breakers,19
975,Cannon,Electro Dragon,Ice Spirit,Poison,Rocket,Royal Delivery,Royal Hogs,Skeletons,2
976,Arrows,Berserker,Electro Spirit,Fisherman,Giant Skeleton,Rage,Royal Giant,Wizard,315
977,Bomber,Bowler,Fire Spirit,Goblin Drill,Knight,Royal Delivery,Tesla,Tornado,54
978,Arrows,Battle Ram,Boss Bandit,Golden Knight,Heal Spirit,Lumberjack,Mother Witch,Spirit Empress,6
979,Barbarian Barrel,Bomb Tower,Dart Goblin,Mighty Miner,Rascals,Skeleton Barrel,Vines,Wall Breakers,18
980,Executioner,Firecracker,Freeze,Giant,Knight,Lumberjack,Mini P.E.K.K.A,Vines,316
981,Barbarian Barrel,Knight,Minions,Mortar,Musketeer,Poison,Skeleton Barrel,Skeletons,2
982,Barbarian Barrel,Golden Knight,Lumberjack,Mega Knight,Minions,Musketeer,Poison,Ram Rider,317
983,Earthquake,Electro Spirit,Giant Snowball,Hog Rider,Knight,Mortar,Musketeer,Skeletons,318
984,Arrows,Barbarian Barrel,Battle Ram,Electro Wizard,Golden Knight,Mother Witch,P.E.K.K.A,Royal Ghost,6
985,Boss Bandit,Elixir Collector,Golden Knight,Heal Spirit,Minions,Royal Ghost,Three Musketeers,Zap,6
986,Battle Ram,Boss Bandit,Golden Knight,Heal Spirit,Magic Archer,Minions,Rage,Royal Ghost,6
987,Dart Goblin,Fire Spirit,Goblin Gang,Ice Spirit,Spear Goblins,Suspicious Bush,The Log,Wall Breakers,5
988,Cannon,Dart Goblin,Electro Spirit,Giant Snowball,Suspicious Bush,Valkyrie,Vines,Wall Breakers,19
989,Battle Ram,Electro Wizard,Fireball,Knight,Magic Archer,P.E.K.K.A,Royal Ghost,Zap,6
990,Barbarian Barrel,Cannon,Earthquake,Firecracker,Hog Rider,Ice Spirit,Knight,Skeletons,2
991,Barbarian Barrel,Boss Bandit,Executioner,Giant Snowball,Goblin Demolisher,Mini P.E.K.K.A,Ram Rider,Vines,27
992,Bandit,Elite Barbarians,Executioner,Goblin Drill,Magic Archer,Royal Ghost,Royal Recruits,Wall Breakers,319
993,Dart Goblin,Fire Spirit,Ice Spirit,Royal Ghost,Skeletons,Suspicious Bush,The Log,Wall Breakers,5
994,Elixir Collector,Fire Spirit,Ice Spirit,Knight,Musketeer,Royal Delivery,Skeletons,X-Bow,2
995,Arrows,Electro Wizard,Elite Barbarians,Executioner,Hog Rider,Mega Knight,Valkyrie,Vines,320
996,Barbarians,Goblin Barrel,Inferno Tower,Mega Knight,Prince,Skeleton Army,Witch,Wizard,321
997,Barbarian Barrel,Elixir Collector,Ice Golem,Ice Spirit,Mini P.E.K.K.A,Royal Ghost,Three Musketeers,Zap,6
998,Arrows,Bats,Goblin Drill,Goblin Gang,Inferno Dragon,Mega Knight,Skeleton Barrel,Wall Breakers,322
999,Electro Spirit,Fire Spirit,Rocket,Skeletons,Tesla,The Log,Valkyrie,X-Bow,2
1000,Ice Spirit,Knight,Little Prince,Miner,Rocket,Skeletons,Tesla,The Log,2
1001,Executioner,Golden Knight,Golem,Mini P.E.K.K.A,Minions,Royal Ghost,Vines,Zappies,20
1002,Arrows,Bats,Dark Prince,Giant,Miner,Musketeer,Prince,Zap,323
1003,Archer Queen,Electro Spirit,Fireball,Fisherman,Monk,Royal Giant,Skeletons,The Log,12
1004,Barbarian Barrel,Earthquake,Electro Spirit,Firecracker,Guards,Hog Rider,Knight,Tesla,2
1005,Goblin Hut,Ice Spirit,Lightning,Musketeer,Royal Ghost,Royal Hogs,Skeletons,The Log,38
1006,Boss Bandit,Dart Goblin,Ice Spirit,Skeleton Army,Skeleton Barrel,Skeleton King,Suspicious Bush,Vines,5
1007,Bomber,Giant Snowball,Goblin Drill,Goblins,Inferno Tower,Mini P.E.K.K.A,Poison,Wall Breakers,324
1008,Barbarian Barrel,Electro Spirit,Fireball,Fisherman,Hunter,Monk,Royal Ghost,Royal Giant,12
1009,Baby Dragon,Barbarian Barrel,Bowler,Electro Giant,Goblin Cage,Knight,Lightning,Tornado,3
1010,Arrows,Mega Knight,Miner,Mini P.E.K.K.A,Minions,Musketeer,Wall Breakers,Zap,0
1011,Balloon,Fireball,Inferno Dragon,Lava Hound,Skeleton Dragons,Tombstone,Valkyrie,Vines,40
1012,Archer Queen,Guards,Mighty Miner,Miner,Poison,Tesla,The Log,Wall Breakers,2
1013,Cannon,Electro Spirit,Guards,Miner,Musketeer,Rocket,The Log,Valkyrie,325
1014,Archer Queen,Cannon,Goblins,Ice Spirit,Lightning,Mini P.E.K.K.A,Royal Hogs,The Log,2
1015,Berserker,Boss Bandit,Fireball,Goblin Gang,Mortar,Musketeer,Skeleton Barrel,The Log,2
1016,Electro Spirit,Fireball,Fisherman,Guards,Knight,Royal Giant,The Log,Witch,12
1017,Fire Spirit,Giant Snowball,Goblin Demolisher,Goblin Drill,Mighty Miner,Poison,Skeletons,Tesla,2
1018,Fireball,Knight,Minions,Mortar,Musketeer,Skeleton Barrel,Skeletons,The Log,2
1019,Bandit,Boss Bandit,Electro Spirit,Furnace,Lightning,Mega Knight,Rage,Ram Rider,326
1020,Berserker,Bomber,Boss Bandit,Cannon,Fire Spirit,Giant Snowball,Goblin Drill,Poison,2
1021,Dart Goblin,Fire Spirit,Ice Spirit,Skeleton Army,Skeleton Barrel,Skeleton King,Vines,Wall Breakers,5
1022,Barbarian Barrel,Earthquake,Firecracker,Goblins,Hog Rider,Ice Spirit,Knight,Tesla,2
1023,Arrows,Electro Spirit,Fireball,Flying Machine,Goblin Cage,Royal Hogs,Royal Recruits,Zappies,30
1024,Golden Knight,Heal Spirit,Ice Golem,Musketeer,Royal Ghost,Royal Hogs,Three Musketeers,Vines,6
1025,Baby Dragon,Bomber,Bowler,Electro Giant,Goblin Hut,Lightning,Tornado,Valkyrie,3
1026,Archers,Ice Spirit,Knight,Mortar,Rocket,Skeletons,The Log,Tornado,2
1027,Electro Spirit,Fireball,Fisherman,Knight,Musketeer,Royal Giant,Skeletons,The Log,12
1028,Barbarian Barrel,Earthquake,Electro Spirit,Hog Rider,Mighty Miner,Musketeer,Skeletons,Tesla,2
1029,Earthquake,Electro Spirit,Firecracker,Hog Rider,Skeletons,Tesla,The Log,Valkyrie,2
1030,Arrows,Firecracker,Hog Rider,Inferno Tower,Prince,Skeleton Army,The Log,Witch,327
1031,Dart Goblin,Executioner,Firecracker,Giant,Hog Rider,Lumberjack,Valkyrie,Vines,328
1032,Bowler,Dart Goblin,Elite Barbarians,Hog Rider,Knight,Mega Minion,Valkyrie,Witch,329
1033,Arrows,Giant,Goblin Hut,Inferno Dragon,P.E.K.K.A,Rage,Royal Ghost,Royal Hogs,330
1034,Lumberjack,Ram Rider,Skeleton Army,Tesla,The Log,Valkyrie,Witch,Wizard,331
1035,Barbarian Barrel,Cannon,Fireball,Guards,Hog Rider,Mini P.E.K.K.A,Musketeer,Valkyrie,332
1036,Goblin Barrel,Goblin Gang,Inferno Tower,Princess,Skeleton Army,Skeleton Barrel,The Log,Valkyrie,129
1037,Arrows,Battle Healer,Boss Bandit,Executioner,Fisherman,Hog Rider,Mega Knight,Witch,333
1038,Electro Wizard,Elite Barbarians,Goblin Barrel,Mini P.E.K.K.A,Musketeer,Skeleton Army,The Log,Valkyrie,334
1039,Cannon,Fireball,Firecracker,Hog Rider,Ice Spirit,Knight,Skeletons,The Log,2
1040,Arrows,Earthquake,Hog Rider,Ice Spirit,Musketeer,Skeleton Army,Tornado,Valkyrie,335
1041,Bomber,Elixir Collector,Heal Spirit,Knight,Monk,Prince,Rage,Three Musketeers,58
1042,Arrows,Electro Wizard,Mini P.E.K.K.A,Mirror,P.E.K.K.A,Skeleton Barrel,Tombstone,Valkyrie,336
1043,Baby Dragon,Bandit,Fireball,Hog Rider,Knight,Tesla,The Log,Wall Breakers,337
1044,Firecracker,Hog Rider,Mega Knight,Mini P.E.K.K.A,Musketeer,The Log,Tombstone,Valkyrie,338
1045,Electro Spirit,Elixir Collector,Fire Spirit,Furnace,Knight,Mini P.E.K.K.A,The Log,X-Bow,2
1046,Archers,Cannon,Fireball,Goblin Barrel,Ice Spirit,Mega Knight,Princess,Zap,339
1047,Fireball,Firecracker,Giant Snowball,Guards,Hog Rider,Lumberjack,Mini P.E.K.K.A,Wall Breakers,340
1048,Firecracker,Goblin Barrel,Inferno Dragon,Mini P.E.K.K.A,Skeleton Army,The Log,Valkyrie,Witch,341
1049,Cannon,Fireball,Hog Rider,Ice Spirit,Mega Knight,Musketeer,Skeletons,The Log,2
1050,Arrows,Dart Goblin,Electro Dragon,Elixir Golem,Firecracker,Guards,Lightning,Mini P.E.K.K.A,342
1051,Barbarians,Boss Bandit,Golem,Lightning,Miner,Minion Horde,Minions,Wizard,343
1052,Arrows,Bandit,Bats,Mega Knight,Miner,Musketeer,Wall Breakers,Zap,0
1053,Arrows,Bats,Dart Goblin,Firecracker,Goblin Barrel,Mega Knight,Prince,Royal Delivery,344
1054,Archer Queen,Knight,Rocket,Skeletons,Tesla,The Log,Tornado,X-Bow,2
1055,Barbarian Barrel,Bats,Cannon,Hog Rider,Mega Knight,Mini P.E.K.K.A,Vines,Witch,345
1056,Ice Spirit,Knight,Musketeer,Rocket,Skeletons,Tesla,The Log,X-Bow,2
1057,Fireball,Fisherman,Hog Rider,Hunter,Musketeer,Royal Giant,The Log,Valkyrie,346
1058,Barbarian Barrel,Cannon,Fireball,Hog Rider,Ice Golem,Ice Spirit,Musketeer,Skeletons,2
1059,Arrows,Bats,Goblin Drill,Knight,Mega Knight,Wall Breakers,Wizard,Zap,347
1060,Cannon,Earthquake,Electro Spirit,Firecracker,Hog Rider,Mighty Miner,Skeletons,The Log,2
1061,Barbarian Barrel,Goblin Gang,Mega Knight,Mini P.E.K.K.A,Minions,Musketeer,Skeleton Barrel,Zap,0
1062,Hog Rider,Knight,Lightning,Magic Archer,Mega Knight,Mini P.E.K.K.A,The Log,Witch,348
1063,Clone,Giant Skeleton,Lumberjack,Mini P.E.K.K.A,Night Witch,Skeleton Barrel,Valkyrie,Wizard,349
1064,Bomber,Giant,Miner,Mini P.E.K.K.A,Musketeer,Skeletons,Void,Zap,53
1065,Arrows,Bats,Cannon Cart,Goblin Gang,Miner,Mortar,Skeleton King,Spear Goblins,118
1066,Archer Queen,Cannon,Fireball,Hog Rider,Ice Spirit,Knight,Skeletons,The Log,2
1067,Archer Queen,Cannon,Fireball,Ice Spirit,Knight,Skeletons,The Log,X-Bow,2
1068,Arrows,Dart Goblin,Mega Knight,Mini P.E.K.K.A,Royal Hogs,Skeleton Army,Witch,Zap,350
